id,seq_struc,Classification
hsa-mir-1224,G. U( G( A( G( G( A( C. U. C. G( G( G( A( G( G( U( G( G( A. G. G( G( U( G( G. U. G. C. C) G) C) C) G( G( G( G( C. C. G( G( G( C( G( C( U( G( U. U. U. C) A) G) C) U. C. G) C) U) U) C. U. C) C) C) C) C) C) A) C) C) U) C) C) U) C. U. C. U) C) C) U) C) A) G.,True
hsa-mir-877,G. U. A. G( A( G( G( A( G( A. U. G( G( C. G( C. A( G( G( G( G( A( C( A( C( G( G. G( C. A. A. A. G. A. C. U( U( G( G( G( G( G( U( U( C( C. U. G. G) G) A) C) C) C) U) C) A) G) A. C) G. U) G) U) G) U) C) C) U) C) U) U. C) U. C) C) C) U) C) C) U) C) C. C. A. G.,True
hsa-mir-937,A( G( C( A. C( U( G( C( C. C. C. C. G( G( U( G( A( G( U( C( A( G( G( G( U( G( G. G( G( C. U( G( G( C. C. C. C. C. U. G( C( U. U. C. G. U. G) C) C) C) A) U. C) C) G. C) G) C) U) C) U) G) A) C) U) C) U. C. U. G) C) C) C. A. C. C. U. G) C) A) G) G. A. G) C) U),True
hsa-mir-939,U. G( U( G( G( G. C. A. G( G( G( C( C. C( U( G( G( G( G( A( G( C( U. G( A( G( G( C( U. C( U( G( G( G( G( G. U. G( G( C( C. G. G. G. G) C) U) G. A. C) C) C) U) G) G) G) C) C) U) C) U. G) C) U) C) C) C) C) A) G) U. G) U) C) U) G. A. C) C) G) C) G.,True
hsa-mir-1226,G. U. G. A( G( G( G( C. A( U( G( C( A( G( G( C. C( U( G( G( A. U( G( G( G( G( C( A. G( C( U( G( G( G( A. U. G. G. U) C) C) A. A. A. A. G. G) G) U) G. G) C) C) U) C) A) C) C) A) G) C. C) C) U) G) U) G) U) U. C) C) C) U) A. G.,True
hsa-mir-1228,G. U. G( G( G( C( G( G( G( G( G. C( A( G( G( U( G( U( G( U. G( G( U. G. G. G. U. G. G. U. G( G. C( C( U( G( C( G. G. U. G. A. G) C) A) G) G) G. C) C) C) U. C) A) C) A) C) C) U) G) C) C) U) C) G) C) C) C) C. C. C. A. G.,True
hsa-mir-1229,G( U( G( G( G( U. A( G( G( G( U( U. U. G. G( G( G. G( A( G( A( G( C. G( U( G( G. G. C( U( G( G. G. G. U. U. C) A) G) G. G. A. C) A) C) C. C) U) C) U) C) A. C) C) A. C. U. G) C) C) C) U) C) C) C) A) C) A. G.,True
hsa-mir-1233-1,G. U. G. A. G( U( G( G( G( A( G( G( C. C( A( G( G( G( C( A. C. G. G. C. A. G. G. G( G( G( A. G( C( U( G( C. A. G( G( G( C( U( A. U. G. G. G. A. G. G. G) G) C) C) C) C) A) G) C) G. U) C) U) G. A. G) C) C) C) U) G) U. C) C) U) C) C) C) G) C) A. G.,True
hsa-mir-1236,G( U. G( A( G( U. G( A( C( A( G( G( G( G( A( A( A. U. G( G( G. G. A( U( G( G. A. C. U. G. G( A( A. G( U. G( G( G( C( A( G( C( A. U. G. G. A. G) C) U) G) A. C) C) U) U. C) A. U) C) A. U( G( G( C( U. U. G. G) C) C) A) A. C) A) U) A. A. U. G. C) C) U. C. U) U) C) C) C) C) U. U) G) U) C) U. C) U) C) C) A. G.,True
hsa-mir-1292,C( C( U( G( G( G. A( A( C( G( G( G( U. U. C( C( G( G( C. A. G( A. C( G( C( U. G( A( G( G( U( U( G. C. G. U. U. G) A) C) G. C) U) C) G) C) G) C) C. C) C) G) G) C. U. C) C) C) G) U) U) C) C) A) G) G),True
hsa-mir-1909,C. A. U. C. C( A( G( G( A. C. A. A. U( G( G( U( G( A( G( U( G( C( C( G( G( U( G. C( C( U( G( C( C. C( U. G( G( G( G. C. C. G. U. C) C) C) U. G) C. G) C) A) G) G) G. G) C) C) G. G) G) U) G) C) U) C) A) C) C) G) C. A. U) C) U) G) C. C. C. C.,True
hsa-mir-3605,A. C. U. U. U. A. U. A. C. G( U( G( U( A. A. U. U. G. U. G. A. U. G( A( G( G( A( U( G( G( A. U( A( G( C( A( A. G( G( A( A. G( C( C( G( C. U. C. C. C. A. C. C. U. G. A. C. C. C. U. C. A. C) G) G) C) C. U) C) C) G. U) G) U) U) A) C. C) U) G) U) C) C) U) C) U. A. G. G. U. G. G. G. A) C) G) C) U. C. G.,True
hsa-mir-3606,U. U. G. U. U. G. C. U. A. U. C( U( A( G( G( U( U. A( G( U( G( A( A( G( G( C. U. A( U( U( U( U( A( A( U. U. U. U. U. U) U) A) A) A) A) U) U. U. C) U) U) U) C) A) C) U) A) C) U) U) A) G) G.,True
hsa-mir-3620,G. U( G( A. G( G( U( G( G. G( G( G( C. C. A. G( C( A( G( G( G( A. G( U. G( G( G( C( U( G. G. G( C( U( G. G( G( C( U. G. G. G) C) C) A. A. G) G) U) A. C. A. A. G) G) C) C) U) C) A. C) C) C) U) G) C) A. U. C) C) C) G. C) A) C) C) C) A) G.,True
hsa-mir-3940,G. C. U. U. A. U. C. G( A( G( G( A( A. A. A. G( A( U( C( G( A( G( G( U( G( G( G( U( U( G( G( G( G( C( G( G( G( C( U( C. U( G( G( G( G( A. U. U. U. G. G. U) C) U) C) A) C. A) G) C) C) C) G) G. A. U) C) C) C) A) G) C) C) C) A. C. U. U. A) C) C) U) U) G) G) U) U) A. C. U. C. U) C) C) U) U) C. C. U. U. C. U.,True
hsa-mir-4632,G. A( G( G( G( C( A( G( C( G( U. G( G( G( U. G( U( G( G( C( G( G( A( G( G( C( A( G. G. C. G. U) G) A. C) C) G. U) U) U) G) C) C) G) C) C. C) U) C) U. C) G) C) U) G) C) U) C) U) A. G.,True
hsa-mir-4639,U. U( G( C( U. A( A( G( U( A( G( G( C. U( G( A( G( A( U. U( G( A( U. G. U. C. A. G( G( U( U( A( U( C. C. C. C. A. A. G. C. A) U) A) A) C) C) U) C) A) C. U) C) U) C) A) C. C) U) U) G) C) U) U) U. G) C) A) G.,True
hsa-mir-4640,C. U. G. U. G. G. G. C. U( G( G( G( C( C( A( G( G( G( A( G( C( A( G( C. U. G( G( U( G( G( G( U( G( G( G( A( A. G. U. A. A( G( A. U( C( U( G. A. C. C. U. G) G) A) C) U) C. C. A. U) C) C) C) A) C) C) C) A) C) C) C. C. C) U) G) U) U) U) C) C) U) G) G) C) C) C) A) C. A. G.,True
hsa-mir-4646,A. C( U( G( G( G( A( A( G( A. G( G( A( G. C. U. G( A( G( G( G( A( C( A( U. U( G( C. G. G( A( G( A( G. G. G. U) C) U) C) A. C) A) U. U) G) U) C) C) C) U) C) U) C) C) C) U) U) C) C) C) A) G),True
hsa-mir-4649,U. C( U( G( G( G( C. G( A( G( G( G( G( U( G( G( G( C( U. C( U( C( A( G( A( G( G. G( G( C. U( G( G. C. A. G. U) A) C) U) G. C) U) C) U) G) A) G) G) C) C) U) G) C) C) U) C) U) C) C) C) C) A) G),True
hsa-mir-4667,U. G. A. C. U( G( G( G( G( A( G. C( A( G( A( A( G( G( A( G( A. A. C( C( C( A( A( G( A. A. A. A. G. C. U. G. A. C) U) U) G) G) A. G) G. U. C. C. C) U) C) C) U) U) C) U) G) U) C) C) C) C) A) C. A. G.,True
hsa-mir-4685,U( A( G( C( C( C. A( G( G( G( C( U. U. G( G( A( G. U. G( G( G( G( C. A. A( G( G( U. U. G( U( U( G( G. U. G. A. U. A. U) G) G) C) U. U. C) C) U) C. U. C) C) C) U) U) C) C) U. G) C) C) C) U) G) G) C) U) A) G.,True
hsa-mir-4690,G. A( G( C. A( G( G( C( G. A. G( G( C( U( G( G( G( C( U( G( A. A( C( C( C( G. U. G. G. G. U. G. A. G) G) A. G) U) G. C) A) G) C) C) C) A) G) C) U) G. A. G. G) C) C) U) C) U) G. C.,True
hsa-mir-4701,C. C. U. U( G( G( C. C( A( C( C( A( C( A( C( C( U( A( C( C( C( C( U( U( G( U( G. A. A. U. G. U. C. G. G. G) C) A) A) U. G) G) G) U. G) A. U) G) G) G) U) G) U) G) G) U) G) U. C) C) A) C. A.,True
hsa-mir-4722,G. G( C( A( G( G( A( G( G( G( C( U( G( U. G( C( C. A( G( G( U( U( G( G( C( U( G. G. G. C. C. A. G) G) C) C) U. G) A) C) C) U) G) C) C) A) G) C) A. C) C) U) C. C) C) U) G) C) A. G.,True
hsa-mir-4723,A. G. U( U( G( G( U. G( G( G( G( G( A( G( C( C( A( U. G( A( G( A( U. A. A. G( A. G( C( A( C( C( U( C. C. U( A( G( A. G. A. A. U. G. U. U. G. A. A. C) U) A) A. A) G) G) U) G) C) C) C. U) C) U) C) U) G) G) C) U) C) C) U) C) C) C) C) A) A) A. G.,True
hsa-mir-4726,A. G. G( G( C( C( A( G( A( G( G( A( G( C( C( U( G( G( A. G( U( G( G( U( C( G( G. G. U. C) G) A) C) U) G. A. A) C) C) C) A) G) G) U) U) C. C) C) U) C) U) G) G) C) C) G. C. A.,True
hsa-mir-4728,G( U. G( G( G( A( G( G( G( G( A. G( A( G( G( C( A( G( C( A( A. G( C( A. C. A. C( A( G( G. G. C. C) U) G) G. G. A. C. U. A. G) C) A. U) G) C) U) G) A. C) C) U) C) C. C) U) C) C) U) G. C) C) C) C) A. G.,True
hsa-mir-3064,G. G( U( C. U. G( G( C. U( G( U( U( G( U( G( G( U( G( U( G( C( A( A( A( A( C. U. C. C( G( U. A. C. A. U. U) G) C. U. A. U) U) U) U) G) C. C) A) C) A) C) U) G) C) A) A) C) A) C) C) U. U. A) C) A. G.,True
hsa-mir-4742,U. C( A( G( G( C( A( A( A( G( G( G( A. U. A. U. U. U( A( C( A( G( A( U( A( C. U( U( U( U. U. A. A. A( A( U( U( U( G( U( U( U( G. A. G. U. U. G. A) G) G) C) A) G) A) U) U) A) A) A) U) A) U) C) U) G) U) A) U. U. C. U) C) C) U) U) U) G) C) C) U) G) C. A. G.,True
hsa-mir-4743,G. C( U( G( G( C( C( G( G( A( U. G( G( G( A( C( A( G( G( A( G( G( C( A( U( G( A( A( U. G( A( G. C. C. A. U) C) U. U) U) C) C. A. A) U) G) C) C) U. U) U) C) U) G) U) C) U) U) U. U) C) U) G) G) U. C) C) A) G),True
hsa-mir-4745,G. U. G. A. G( U( G( G( G( G( C( U( C( C( C( G( G( G( A. C( G( G( C. G( C( C( C. G. C. C. C. U. G) G) C) C. C) U) G) G. C) C) C) G) G) C. G) A) C. G) U) C) U) C) A) C) G. G. U. C. C. C.,True
hsa-mir-4747,A. G( G( G( A( A. G( G( A( G( G( C( U( U( G( G( U( C( U( U( A( G( C. A( C( G. G. G. G) U) C) U) A) A) G) G) C. C) C) G) G) G) C) U) U) U) C) C. U) C) C) C) A. G.,True
hsa-mir-4749,C. C( U( G( C. G( G( G( G( A. C( A( G( G( C. C. A. G( G( G( C( A. U( C( U. A. G. G( C( U( G( U. G. C. A. C) A) G) U) G) A) C. G) C) C) C) C. U. C) C) U) G) C. C) C) C) C) A. C) A) G),True
hsa-mir-4750,C. G. C( U( C( G( G( G( C. G( G( A. G( G( U( G( G( U( U( G( A. G( U( G( C( C( G. A. C. U. G) G) C) G) C) C. U) G) A) C. C) C) A) C) C) C. C) C) U. C) C) C) G) C. A) G),True
hsa-mir-4758,G( G( U. G( A. G( U( G( G( G. A( G( C( C. G( G( U( G( G( G( G( C( U. G. G. A( G( U( A. A. G( G( G( C. A. C. G. C) C) C) G. G. G. G) C) U) G) C) C) C) C) A) C) C) U. G) C) U) G. A. C) C) A) C) C. C) U. C) C) C. C.,True
hsa-mir-5004,G( G( C( A. C. U. U. G) C) U) U. G( G( G( G( G( U( U( A. G. U( G( A( G( G( A. C( A( G( G( G( C. A( A( A( U( U( C( A( C. G( A. G( A. U( U( G( G( G. U( U( G. U. G. C. A. G. A) G) G. C) U) G) A) C) A. C) U. U) G) G) A) U) U) U) U) C) C) U) G) G. G. C) C) U) C) A) G. G) A) C) U) U) C) C) U. U. U. C. A. G. A. C. A. U. G. G.,True
hsa-mir-5006,A. A. C. C. A. U. U( A( G( G( G( G. G. C( U( G( U. G( G( U( U( U( G( C( C( A( G( G( G( C. A. G( G( A( G( G( U. G( G( A( A( G( G( G( A( G( C. C. C( C( A( U( U( U. A. C. A) G) U) G) G) U. A. A. C. U) U) C) C) U) U) U) C) C) C) U) U) U) C) C. A. U) C) C) U) G) G) C) A) G) G) C) U) U. C) A) G) A. G. A. A. C) U) U) U) A) C. C. A. G.,True
hsa-mir-5010,G. A. U. C. C( A( G( G( G( A. A( C( C( C. U( A( G( A( G( C( A. G( G( G( G( G( A( U( G( G( C. A( G( A( G( C( A( A( A( A( U( U( C( A( U. G. G( C( C. U. A. C. A. G( C( U. G. C. C. U. C. U. U. G) C) C. A. A. A. C. U. G) C) A. C. U) G) G) A) U) U) U) U) G) U) G. U) C) U) C. C) C) A) U) U) C) C) C) C) A. G. A. G) C) U. G. U) C) U) G) A. G) G) U) G. C) U) U) U) G),True
hsa-mir-5088,C. C. C. A. U. C. A( G( G( G( C( U( C( A( G( G( G( A( U. U. G( G( A( U. G( G( A( G( G( U. G( A. U( G( G( G( G( G. C( A. G. G. G. G. A. U. G. G) G. U) C) U) C) A) C) C) C) U) C) C) C. U) U) C) U) U) C) C) U) G) G) G) C) C) C) U) C. A. G.,True
hsa-mir-5187,G. A. C( U( A( A. G. G. G. U( G( G( G( A( U. G( A( G( G( G( A( U( U( G. A. A( G( U( G( G( A( G( C. A( G( G( A( A. U. G. C. G. C. U) U) U) U) C) U) C) C) A) C) U) G. A) A) U) C) C) U. C) U) U) U. U) C) C) U. C) A) G. G. U) G) G),True
hsa-mir-5196,U. C( U( G. A. G( G( A( G( A( C. C. U. G( G( G( C( U( G. U( C( A. G. A. G( G( C( C( A. G( G( G( A( A. G( G( G( G( A( C( G( A( G( G( G( U( U. G( G( G. G. A. A. C. A. G( G( U( G( G. U. U. A. G. C) A) C) U) U) C) A) U) C) C) U) C) G) U) C) U) C) C) C. U) C) C) C) A. G) G) U) U) A. G) A) A. G. G) G) C) C) C) C. C. C. U) C) U) C) U) G. A. A) G) G.,True
hsa-mir-6505,G. C. A. U( U( G( G( A( A( U. A( G( G( G( G( A( U. A. U. C. U( C( A( G( C( A. U. G. U. U. G. A. G. C( C( C( U( G. U. C. U. C. U. G) G) G) G) A. G) C) U) G) A) C. U. U) C) U) A. C) C) U) C. U) U) C) C) A) A) A. G.,True
hsa-mir-6510,A. G. C. A. G( C( A( G( G( G( G( A( G. A( G( A( G( A. G( G( A. G( U( C( C. U. C. U. A. G) A) C) A. C) C) G. A. C) U) C) U) G. U) C) U) C) C) U) G) C) A. G. A. U.,True
hsa-mir-6513,G( C( U( U( U. G( G( G( A( U( U. G( A( C. G( C. C( A( C( A. U( G( U. C( U( C( A( G( G. U. C. C. C. C. A. G. C) U) G) A) G) U. C) A) A. G) U) G) U. C) A. U) C) U. G) U) C) C) C) U. A) G) G) C),True
hsa-mir-6515,C. A. U. U( G( G( A. G( G( G( U( G( U. G. G( A( A( G( A( C. A( U( C( U. G( G( G( C. C. A. A. C) U) C) U. G) A) U) C. U) C) U) U) C) A. U. C. U) A) C) C) C) C. C) C) A) G.,True
hsa-mir-6716,G. A( G( A( G( G( C( C. A. A. G. A. C. C( U. U. G( G( G( A( A( U( G( G( G( G( G( U( A. A. G( G( G( C( C( U( U. C. U. G. A. G. C. C. C. A) G) G) U) C) C) G. A. A) C) U. C) U) C) C) A) U) U) C) C) U) C. U. G) C. A. G. A. G) C) G. C) U) C) U),True
hsa-mir-6511b-1,G. G. G. A. C. G. G. G( G( C( C( U( G( C( A( G( G( C( A( G( A( A( G( U. G( G( G( G( C. U( G( A( C. A. G( G( G( C( A. G. A. G. G. G. U. U. G. C. G) C) C) C) C. C. U) C) A) C. C) A. C) C) C) C) U) U) C) U) G) C) C) U) G) C) A. G. C. G. G. U. G) G) G) C) U),True
hsa-mir-6726,G. G. G. G( G( C( G( G( G( A( G( C. U( G( G( G( G( U( C. U. G( C( A( G( G( U( U( C( G. C. A. C. U. G) A) U. G) C) C) U) G) C) U. C. G) C) C) C) U) G) U. C) U) C) C) C) G) C) U) A. G.,True
hsa-mir-6727,G. G. G. U( G( C( U. C. G( G( G( G( C. A( G( G( C. G( G( C( U. G( G( G( A( G( C( G. G( C. C. C. U( C( A( C. A. U. U) G) A) U) G. G) C) U) C) C) U) G) C) C) A. C) C) U) C) C) U) C) C. G) C) A) G.,True
hsa-mir-6729,G. A. G( G( G( U. G( G( G( C( G( A( G( G( G( C. G( G( C. U( G( A( G( C( G( G( C( U( C. C. A. U. C. C. C. C. C. G) G) C) C) U. G) C) U) C) A) U. C) C) C) C) C) U) C) G) C) C) C) U. C) U) C) A. G.,True
hsa-mir-6730,C. C. G. A. A. A. G. A. A. A. G( G( U( G( G( A( G( G( G( G( U( U. G( U( C( A( G( A( G( C( U. G. C. A. G. C. U. G) C) U) C) C. A. C. C. C. U) G) A) C) A) C) C) C) C) A. U) C) U) G) C) C) C. U. C. A. G.,True
hsa-mir-6731,A. C. A. G. G( U. G( G( G( A( G( A( G( C. A. G( G( G( U. A. U. U. G( U( G( G( A( A. G( C( U. C. C. A( G( G( U( G( C. C. A. A. C. C) A) C) C) U) G) C) C. U) C) U) A) U) U. C) C) C) C. A. C) U) C) U) C) C) C) C) A. G.,True
hsa-mir-6732,A. G( G( C. C. U. A( G( G( G( G( G( U. G( G( C( A( G( G( C. U( G( G( C( C( A. U. C. A. G. U. G. U. G. G) G) C) U) A) A. C. C) C) U) G) U. C) C) U. C) U) C) C) C) U) C. C) C) A. G.,True
hsa-mir-6733,G. U. G. C. U. U( G( G( G( A( A( A( G. A. C( A( A. A( C( U. C( A. G( A( G( U( U( C( C. C( U. U. C. U. U. G) U. G) A) G) C) U) C) A. G) U. G) U) C. U) G) G. A. U) U) U) C) C) U) A) G.,True
hsa-mir-6734,A. G. A. A. C. U. U( G( A( G( G( G( G( A( G( A( A. U( G( A( G( G( U. G( G( A( G( A. A. G. C. C. C( A( G( G. U. U. C) U) G) A. A. U. C. C. C. C) U) U) C) C) C) U) C) A) C. U) C) U) U) C) U) C) U) C) A) G.,True
hsa-mir-6735,G. C. A. G. C. C. A( G( G( G( C. A( G( A. G( G( G. C( A( C( A( G( G( A. A. U( C( U( G( A( G( G. U. G. A. C( U( G( G. C. A. C) A) G) A. A. G. A. C) U) C) A) G) G) C) C) U) G) U) G) G. C) U) C. C) U) C) C) C) U) C. A. G.,True
hsa-mir-6736,C( U( G( A. G. C. U( G( G( G( U( G( A( G( G( G( C. A. U. C( U( G( U. G( G( U( U. U. G. C. U. G. G. C. U. G) C) C) U. C) A) G) C. U. C. C) U) C) U) C) U. A) C) C) C) A) C) A) G),True
hsa-mir-6737,U. U( G( G( G( U( U. G( G( G( G( U( G( G( U. C. G( G( C( C. C( U. G( G( A( G( G( G( G( G( U. U. U. G. U. U. U. G. C. U. U. A. U. U) C) C) C) C) U) C) U) G) U. G) C) U) U) C) A) C) C) C) C) U. A) C) C) C) A) G.,True
hsa-mir-6738,G. A. A. G. G. C. G. A. G( G( G( G( U( A( G( A( A( G. A. G( C( A( C. A( G( G( G( G( U( U( C. U. G. A. U. A. A) A) C) C) C) U) U) C. U) G) C) C. U. G. C. A. U) U) C) U) A) C) U) C) C) C. A. G.,True
hsa-mir-6739,G. A. A. U. G. U( G( G( G( A( A. A( G( A( G( A( A. A( G( A( A( C( A( A( G. U. A. A. A. A. G( G( A( A( U. U. U. U. C. A. U. U. U) U) C) C) A. G. C. C. C. C. U. A. A. U) U) G) U) U) C) U) G. U) C) U) U) U) C. U) C) C) C) A) G.,True
hsa-mir-6740,G. A. A. A. G. A. G( U( U( U( G( G( G( A( U. G( G( A( G( A( G( A( G( G( A( G. A( A. A. C. U. U. G( A( G( G. U( C( U( C( U( G( G( G. A. G( U( U( G( C( U. U. A. A. A. C. C. A. G. U. U. G. A. C. C. G) U) A) A) C) C. U. G. G. C) C) A) G) A) G) A) A. U) U) C) U. G. A. U. A. G. U) G. U) C) U) U) C) U) C) U) C) C) U) C) C) C) A) A) A) C) A. G.,True
hsa-mir-6741,A. A. U. G( G( G( U( G( G( G( U. G. C. U. G( G( U. G( G( G( A( G( C( C( G( U. G. C. C. C. U. G( G. C. C. A. C) U. C. A. U. U. C) G) G) C) U) C) U) C) U. C) C) C) U) C) A) C) C) C) U. A. G.,True
hsa-mir-6742,G. A. G. G. G. A( G( U. G( G( G( G( U. G( G. G( A( C( C( C( A( G( C. U( G( U( U( G( G. C. C. A. U. G. G. C. G. A. C) A) A) C) A) C. C) U) G) G) G) U) U) G. U) C) C) C) C) U. C) U) A. G.,True
hsa-mir-6743,G. G. G. U. A. A. A. G. G( G( G( C( A( G( G( G( A( C. G( G( G( U( G( G( C( C( C( C( A( G( G( A. A. G. A. A. G. G. G. C) C) U) G) G. U. G) G) A. G) C) C) G) C) U) C) U. U. C. U) C) C) C) U) G) C) C) C) A. C. A. G.,True
hsa-mir-6744,U. C. A. C. G( U( G( G( A( U( G( A( C( A( G( U. G( G( A( G( G( C( C( U( C( C( U( G( G( A. U. C. U. C) U) A) G) G) U. C. U. C. A. G) G) G) C) C) U) C) U) C. U) U) G) U) C) A) U) C) C) U. G) C) A. G.,True
hsa-mir-6746,C. U. U. G. C. C. C. G. G( G( A( G( A( A( G( G( A. G( G( U( G( G( C( C. U( G( G( A( G( A( G. C. U. G. C. U. G. U) C) U) C) C) A) G) C) C) G) C) C) G. C) C) U) G. U) C) U) C) C) A. C. A. G.,True
hsa-mir-6747,U. U. U. G. G. A. G. G. G( G( U( G( U( G( G( A( A. A. G( A( G( G( C( A( G( A. A. C. A. U. U. C. G. U. U. C. A. C. U. U. U. C. C) U) G) C) C) U) U) C. C. U) C) U) G) C) A) C) C) A. G.,True
hsa-mir-6748,U. G. G. U. G. U( G( U( G( G( G( U. G( G( G. A( A. G( G( A( C( U. G( G( A( U( U( U. G. A. A. A. U. G( G( U. C. C. C. A. C. U. C) C) U. G. A. C. G) A) U) C) C) U. G) U) C) C) C. U) G. U) C) U. C) C) U) A) C) A) G.,True
hsa-mir-6749,G. G. C. C. C. U. C. G( G( G( C( C( U. G( G( G. G( U. U. G( G( G( G( G( A( G( C( U. C. U( G( U. C. C. U. G. U. C. U. C. A. C. U. C) A) U. U. G) C) U) C) C) U) C) C) C. C. U) G. C) C) U. G) G) C) C) C) A. G.,True
hsa-mir-6750,G. C. U. G. U. C. A. G( G( G( A( A. C( A( G( C. U. G( G( G( U( G( A( G( C( U( G( C( U( G( C. C. C( C( A. G. A. G) G) C. C. C) A) G) C) A) G) G. U. G. U. C. C. A. G. A. A. C) U) C) A) C) C) C) U. C) U) G) C. U) C) C) C) A. G.,True
hsa-mir-6751,U. C. U. U. C. U. U. G( G( G( G( G( U. G( A( G( G( U( U( G. G( U. G( U( C( U( G( G( C. C( C. C. A. G. C. A. G) C. C) C) A) G) A) C) U) G. A) G) C) C) U) C) U. C) U) C) U) C) U. C. C. A. G.,True
hsa-mir-6752,A. U. G( G( A( G( G( G( G( G( G( U( G( U. G( G( A( G( C( C. A. G( G( G( G( G( C. C. C. A( G( G( U( C. U. A. C. A. G) C) U) U) C. U) C) C) C) C) G) C) U) C) C) C. U) G) C) C) C) C) C) A. U. A. C) U) C) C) C. A. G.,True
hsa-mir-6753,C. A. C( C( A( G( G( G( C( A( G( A( G( C( A( G( G( G. C( U( G( A( U( C. A. U. C. U. C. A. C. G) U) C) A) G) A( G( A( G( A. G( G( G( G( A. A. G( G( G( G( C( U( G( C( C( C( A. G( U( G( A( G( C( C( C( C. C. A. C. A. G) G) G) C) U) C) U. A) C) A( U( C( U( C( C( A( G( C( U( G. G. G. C. C. U. G) G) C) U) G) G) A) G) A) U) C. C. C. A. G) G) G) U) C. C. C. U. G. A. A. G) G) C) C) C) C) C. G. C) C) A. C) C) G. U) U) C) U) G. G. U) C) U) G) U. C) U) C) U) G) C) C) C) U) G) G) C. A. C. C. C. A. G.,True
hsa-mir-6754,G. G. C( U( G( C( C. A( G( G( G( A( G( G( C( U. G( G( U( U. U. G( G( A( G( G( A( G( U( C( U. G. G. U. G) G) C) C. U. G. U) U) C) U) C) U) U. C. A) C) C) U. G) C) C) U) C) U. G. C) C) U) G) C) A) G),True
hsa-mir-6755,U. G. U. U. U. U( A( G( G( G( U. A( G( A( C( A( C. U( G( A( C( A( A( C( G( U. U. A. U. G. U. G. U. G( G( U( C. U. U. U. A. A) C) C) U) G) U) U) G) U) C) A) U) G) U) U) U) U. U. U. C) C) C) U) A) G.,True
hsa-mir-6756,A. C. C. C. U. A. G( G( G( U( G( G( G( G( C. U. G( G( A( G( G( U. G( G( G( G( C. U. G( A( G( G( C( U. G. A. G) U) C) U) U) C. C. U) C) C) C) C) U) U) C) C) U. C) C) C) U) G) C) C) C) A. G.,True
hsa-mir-6757,G. G. G. C. U. U. A. G( G( G( A( U( G( G( G( A( G( G( C( C( A( G( G( A. U( G( A. A. G( A( U( U( A( A. U. C. C. C. U) A) A) U) C) C. C. C) A) A. C) A. C) U) G) G) C) C) U) U) G. C) U) A) U) C) C) C) C. A. G.,True
hsa-mir-6758,U( G( G( G( C( U. A. G. A( G( A( G( G( G( G( A( A( G. G( A( U. G( U( G( A( U. G. U. G( A( G( C( A. G. A. U. G. G) U) U) C) U) C) A) C) U) C) A. U) U) C) U) C) C) U) C) U) G) U) C) C) A) G.,True
hsa-mir-6759,U. A. U. U. G. U. U( G( U. G( G( G( U. G( G( G( C( A( G( A( A. G( U( C( U. G( U. U. U. U. C( U( U. C. A. U. G) G) U. U. U. U. C) U. G) A) C) C. U) U) U) G) C) C) U) C. U. C. C) C) C) U. C) A) G.,True
hsa-mir-6760,C. A. G. U. G. C. A. G( G( G( A( G( A( A( G( G( U. G( G( A. A. G. U. G( C( A( G( A. G( U( G( G( G( C( U. C. A. C. C. U. C. U. C. G) C) C) C) A) C) A. C) U) G) U) C) C) C) C) U) U) C) U) C) C) C) C. A. G.,True
hsa-mir-6761,U. C( U( G( C. U. C. U( G( A( G( A( G( A( G( C( U. C( G( A. U. G( G( C. A( G( G( U. G( C. C. U( C( C. G( U( G. U. U. G) C) C. G) A) A. C) C) C) U) C) C) U. A. C) G) C. U. G) C) U) C) U) C) U) C) A) C. U. C. C) A) G),True
hsa-mir-6762,A. G( A( G( C( C( G( G( G( G( C. C. A. U. G( G( A( G( C( A( G( C( C( U. G( U( G( U. A( G( A. C. G( G( G( G( A. C. C. U( G( C( C( C( U. G. C. A. U. G) G) G) C) A) C) C) C) C) C) U) C) A) C) U. G) G) C) U) G) C) U) U) C) C) C) U) U) G) G) U. C) U) C) C. A. G.,True
hsa-mir-6763,U. U. C. U. C. C( U( G( G( G( G( A( G( U. G( G( C( U( G( G( G( G( A( G( C( A( G. A. C. A( G( A. C. C. C. A. A. C. C) U) C. A. U) G) C) U) C) C) C) C) G) G) C) C) U. C) U) G. C. C) C) C) C) A) G),True
hsa-mir-6764,C. U. G. A. C. U. C. C. C( A( G( G( G( U. C. U. G( G( U( C( A( G( A( G( U. U. G( C( U( G. A. G. U. G. G) G) U) U. G. A. U. C) U) C) U) G) G) U) C) U. U. U. C) C) U) U) G) A. C. A. G.,True
hsa-mir-6765,G. U( G( A. G( G( C( G( G( G( G. C( C( A( G( G. A. G( G( G( U( G( U. G. U. G( G( C( G. U. G. G. G( U( G. C( U( G( C( G( G( G( G( C( C( G. U. C. A. G. G) G) U) G. C) C) U) G) C) G) G) G. A) C) G) C) U) C) A) C) C) U) G. G. C) U) G) G) C) C) C) G) C) C) C) A) G.,True
hsa-mir-6766,A. U. G. A. G( C. G( G( G( U( G( G( G( A. G( C. A( G( A( U( C. U. U. A( U( U( G( A. G( A( G( U( U. C. C. U. U. C. U. C. C. U. G) C) U) C) C. U) G) A) U) U. G) U) C) U) U. C) C. C) C) C) A) C) C) C) U. C) A. C. A. G.,True
hsa-mir-6767,U. G. A. A. A. U. C. G( C( A. G( A( C. A( G( G( G( A( C( A( C( A. U( G( G( A. G( A( A( C( G. C. C. C. C. C. A. C. C. A. G) U) U) C) C) C) A) C. G) U) G) C. U. U) C) U) C) U) U. U) C) C. G) C) A. G.,True
hsa-mir-6768,C. C. A. G. G. C. A. C( A( C( A( G( G( A( A. A( A( G. C. G. G. G( G( C( C( C. U( G( G( G( U. U. C. G( G. C. U. G. C) U. A. C. C) C) C) A) A. A. G) G) C) C) A. C. A. U) U) C. U) C) C) U) G) U) G) C. A. C. A. C. A. G.,True
hsa-mir-6771,G. G. U. G. C. C( U( C( G( G( G( A. G( G( G( C( A( U. G( G( G( C. C. A. G( G( C( C( A( C. A. U. A. A. U) G) A. G) C) C) A. A. A. C) C) C) C. U) G) U) C) U) A. C) C) C) G) C. A) G),True
hsa-mir-6772,A. G. G. C. C. U( G( G( G( U( G( U( A( G( G( C( U. G( G( A( G( C( U. G( A( G( G( A. C. U( G( A( G. G. C. U) C) A) C) C) U) U) G) C) U) C) C) U. G) A. C) U. C) U) G) U) G) C) C) C) A) C. A. G.,True
hsa-mir-6773,G. G. G. A. G. U. U( G( G( G( C( C. C. A( G( G( A( G( U( A. A. A( C( A( G( G( A( U. U. A. G. U. G. C( U( U( A( U. G. C. U) A) A) G) A. U. G. U. C. U. U) C) A. C) U) G) U) C. A) C) U) U) C) U) C. U. G) C) C) C) A) U. A. G.,True
hsa-mir-6774,U. G. U. G. C. A. C. U. U( G( G( G( C( A( G( G( A( G( G( G( A( C( C. C. U( G( U. A( U( G( U. C( U. C. C. C. C. G. C. A. G. C. A. C. C. G) U. C) A) U) C) G) U. G) U) C) C) C) U) C) U) U) G) U) C) C) A) C. A. G.,True
hsa-mir-6775,G. A. A. C. C. U. C. G( G( G( G( C( A( U. G( G( G( G( G. A( G( G( G( A. G. G. C( U( G( G( A. C. A. G. G( A( G( A. G. G. G. C) U) C) A. C. C) C) A) G) G. C) C) C) U) G. U) C) C) U) C. U) G) C) C) C) C) A. G.,True
hsa-mir-6776,C. G( G( G( C. U. C. U. G( G( G( U. G( C( A( G( U( G( G( G. G( G( U( U( C. C( C( A. C. G. C. C. G. C. G) G) C. A) A) C) C) A. C) C) A) C) U) G) U) C) U) C) U. C. C) C) C) A. G.,True
hsa-mir-6777,U. C. A. A. G. A. C. G( G( G( G( A. G( U( C( A( G( G( C. A( G( U. G( G( U( G( G( A( G( A. U. G. G. A( G( A. G. C. C. C) U) G. A. G. C. C) U) C) C) A) C) U) C) U) C) C) U) G) G) C) C) C) C) C) A. G.,True
hsa-mir-6778,G. U. U. C. A. A. G( U( G( G( G( A( G. G. A. C( A( G( G( A( G( G( C( A( G( G( U( G. U. G( G( U( U( G( G. A. G. G. A. A. G. C) A) G) C) C) U. G. A. A) C) C) U) G) C) C) U) C. C) C) U) G) A. C. A. U) U) C) C) A) C) A. G.,True
hsa-mir-6779,G. A. G. C. U. C. U( G( G( G( A( G( G( G( G( C( U. G( G( G( U( U( U( G( G( C. A( G( G. A. C. A. G. U) U) U. C) C) A) A) G) C) C) C) U. G) U) C) U. C) C) U) C) C) C) A) U. C. U. U. C. C. A. G.,True
hsa-mir-6780a,G. A. C. A. C. U. U( G( G( G( A( G( G( G( A( A( G( A( C( A( G( C. U. G( G( A( G( A. G( U. A( U( G( G. U( C. A. C. A. G. C. A) G. C) A) U) C) C) U) C) C) U. C) U) G) U) U) U) U) C) U) U) U) C) C) U) A) G.,True
hsa-mir-6781,A. A. C. C. C. C. G( G( G( C( C( G( G. A. G( G( U. C. A( A( G( G( G( C( G( U. C. G( C( U. U. C. U. C. C. C. U. A. A. U. G) U) U) G) C) C) U. C) U) U) U. U. C) C) A. C) G) G) C) C) U) C. A. G.,True
hsa-mir-6782,U. G. G. G. G( U( A( G( G( G( G. U( G( G( G( G( G( A. A. U. U. C( A( G( G( G( G( U( G( U. C( G( A. A. C( U. C. A. U. G) G. C. U) G) C. C) A) C) C) U) U) U) G) U. G. U) C) C) C) C) A) U) C) C) U) G) C) A. G.,True
hsa-mir-6783,C. C. U. G. U. U( A( G( G( G( G( A( A. A( A( G( U( C( C( U. G( A( U. C. C( G( G( G( A. A. C. C. C. A. C. A. G. C. C) C) C) G) U. U) C) C. U. G) G) G) C) U) U) C. U) C) C) U) C) U) G) U. A. G.,True
hsa-mir-6784,U. A. C. A. G. G. C. C. G( G( G( G( C( U. U. U. G( G( G( U( G( A( G( G( G. A. C. C. C. C( C( G( G( A( G. U. C. U. G. U) C) A. C) G) G) U) C) U) C) A) C) C) C) C. A. A. C. U. C. U. G) C) C) C) C) A. G.,True
hsa-mir-6785,C. U. C. C. C. U. G( G( G( A( G( G( G( C. G( U. G( G( A. U( G( A( U( G( G. U( G( G( G( A. G( A. G( G( A( G. C. C. C( C( A( C. U. G. U) G) G) A. A. G. U) C) U) G. A. C) C. C) C) C) A) C) A) U) C) G) C. C) C) C) A. C) C) U) U) C) C) C) C. A. G.,True
hsa-mir-6786,G. C( C( G( G( G( U. G( G( G( G( C( G. G( G( G( C( G. G. C( C( U( C. A. G. G. A) G) G) G. G) C) C) C) A. G) C) U) C) C) C) C) U) G) G) A. U. G. U. G. C( U( G( C. G( G( U( G( G( G( G( C( C. G( G( A( G( G( G( G( C( G( U( C( A( C( G. U( G( C. A. C. C. C) A) A. G) U) G) A) C) G) C) C) C) C) U) U) C) U. G) A. U) U) C) U) G) C) C) U. C) A) G),True
hsa-mir-6787,U. C. G. G. C( U( G( G( C. G( G( G( G( G( U( A( G( A( G( C( U( G( G( C. U. G. C. A. G( G( C( C. C. G. G) C) C) C. C. U. C. U) C) A) G) C) U) G. C) U) G) C) C) C) U) C) U. C) C) A) G),True
hsa-mir-6788,G. A. C. G. G( C( U. G( G( G( A( G( A. A. G( A( G( U( G( G( U( G( A( A. G. A. A( G. A( G( U( A( U( U. G. A. U. U. G) U) G) C) U) G. U) U) C) G) C) C) A) C) U) U) C. C. C) U) C) C) C) U. G) C) A. G.,True
hsa-mir-6789,C. G( A( G( G( U( A( G. G( G( G( C( G( U. C. C( C( G( G( G( C. G( C( G( C. G( G( G( C( G( G( G. U. C. C. C. A. G. G( C( U( G. G( G( C( C( C( C. U. C. G. G) A. G) G) C) C) G. G) G) U) G. C. U. C. A. C) U) G) C) C) C) C) G) U) C) C) C) G) G) C) G) C) C) C) G. U) G) U) C) U) C) C. U. C. C. A. G.,True
hsa-mir-6790,G( U( G( A( G( U( G( U. G( G( A. U. U( U( G( G. C( G( G( G( G( U( U( C( G( G( G. G. G. U. U. C) C) G) A) C. G. G. C. G. A) C) C) U) C) G) G. C) G) A) C. C. C) C) U. C) A) C) U) C) A) C) C.,True
hsa-mir-6791,C( C( A( G( A( C( C( C. C. U. G( G( G( G( C( U. G( G( G( C( A( G( G. C( G( G( A( A. A. G. A. G. G. U) C) U) G) A. A. C) U) G) C) C) U) C. U. G) C) C) U) C) C. U. U. G) G) U) C) U) C. C. G) G) C. A. G.,True
hsa-mir-6792,G. U. A. A( G( C( A( G( G( G( G( C( U( C. U( G( G( G( U. G. A. U. G( U. G( A( G( G( A. G( C( A. A. C. A. G. G) C) A. C. C) C) U) C) C) U) C) C) A) C. A) G) C) C) C) C) U) G) C) U) C. A. U. U. C. C. U.,True
hsa-mir-6793,G. U. C. A. C( U( G( U( G( G( G( U( U. C. U. G( G( G( U( U( G( G( G( G( U. G( A. U. A. C( A( C. A. A. G. C. C. U) G) A. C. C. C) U. C) C) C) C) A) A) C) C) C) C. U. G) C) C) C) G) C) A) G),True
hsa-mir-6794,G( G( G( C. G. C. A. G( G( G( G( G( A( C( U( G( G( G( G( G( U( G( A( G( C( A( G. G( C. C. C( A. G. A. A. C. C. C. A. G) C. U. C) G. U) G) C) U) C) A) C) U) C) U) C) A) G) U) C) C) C) U) C) C) C) U) A. G.,True
hsa-mir-6795,A. G. G. G. U. U( G( G( G( G( G( G( A( C. A. G( G( A( U( G( A( G( A. G( G( C. U. G( U( C( U. U. C. A. U. U. C. C. C. U. C. U. U. G) A) C) C. A. C) C) C. C) U) C) G) U) U) U) C. U) U) C) C) C) C) C) A) G.,True
hsa-mir-6796,U. U. A. C. C. U. U( G( U( G( G( G( G( U. U. G( G( A( G( A( G( C( U( G( G( C( U( G( G. U. C. C) A) G) C) C) C. C. U. C. A. G. A. A) G) C) U) C) U) C) C) C. C. U. C) C) C) C) G) C) A) G.,True
hsa-mir-6797,C. A. G. C. C. A. G( G( A( G( G( G( A( A( G( G( G( G. C. U( G( A. G. A. A. C( A( G( G( A. C( C( U( G. U. G. C. U. C. A. C. U. G. G) G) G) C) C) U) G) C) A) U. G. A. C) C) C) U) U) C) C) C) U) C) C) C. C. A. C. A. G.,True
hsa-mir-6798,G. G. C. A. G. C. C( A( G( G( G( G( G( A( U( G( G( G( C. G( A. G( C. U. U. G( G( G( C. C. C. A. U. U. C. C. U. U. U. C. C. U. U. A. C) C) C) U. A. C. C) C) C) C) C) A) U) C) C) C) C) C) U) G) U. A. G.,True
hsa-mir-6799,G. A. G. G. A. G( G( G( G( A( G( G. U( G( U( G( C( A( G( G( G( C( U. G( G( G( G( U. C. A. C. U. G. A. C. U. C. U. G. C. U. U. C) C) C) C) U. G) C) C) C) U) G) C) A) U) G) G. U) G. U) C) C) C) C) A. C. A. G.,True
hsa-mir-6800,A. C. C( U( G( U. A. G( G( U( G( A( C. A. G( U( C( A( G( G( G( G( C. G. G( G( G( U( G( U( G( G( U. G( G( G( G( C. U. G( G( G( G( C. U. G. G. C) C) C) C) C) U) C) C) U) C) A) C) A) C) C) U) C) U) C) C) U) G) G) C) A. U) C) G) C) C) C. C. C) A) G),True
hsa-mir-6801,U( G( G( C. C. U. G( G( U( C( A( G( A. G( G( C. A. G( C( A( G( G( A. A. A. U( G( A( G( A. G( U( U. A( G( C( C. A. G. G. A. G) C) U) U. U. G) C) A. U. A. C) U) C) A) C. C. C) C) U) G) C) C. A. C) U) C. A. C) U) G) G) C) C) C. C) C) A) G.,True
hsa-mir-6802,G. A. G. G. G( C( U( A( G( G( U( G( G( G( G( G( G( C. U. U( G( A( A( G( C. C( C. C. G( A( G( A. U. G. C. C) U) C) A. C. G) U. C) U) U) C) A) C. C. C) C) U) C) U) C) A) C) C) U) A. A) G) C) A. G.,True
hsa-mir-6803,C. U. C. C. U. C( U( G( G( G( G( G( U( G( G( G( G( G( G( C( U. G( G( G( C( G( U( G. G( U( G. G. A. C. A. G) C) G. A) U) G) C) A. U. C. C) C) U. C. G) C) C) U) U) C) U. C) A) C) C) C) U) C) A) G),True
hsa-mir-6804,G( G( A. U. G( U( G( A( G( G( G( U. G. U. C. A. G( C( A( G( G( U( G( A. C( G( G( U( G. G. G. G( G( C( C. A. C. G) C) U) G. A. C. A. G) C) C) G) C) A) C) C) U) G) C) C) U) C) U) C) A) C) C) C) A. C. A. G.,True
hsa-mir-6805,U. G. G. C. C. U. A. G( G( G( G( G( C( G( G( C. U. U. G( U( G( G( A( G( U( G( U. A. U. G( G( G( C( U. G. A. G) C) C) U) U) G) C) U) C) U) G) C) U. C. C. C. C) C) G) C) C) C) C) C) A. G.,True
hsa-mir-6806,U. G. C. U. C( U( G( U( A( G( G( C. A( U( G( A. G. G. C( A( G( G( G( C( C. C( A( G( G. U. U( C( C. A. U. G. U. G) A) U. G. C) U) G) A. A. G) C) U) C) U) G) A. C) A) U) U. C) C) U) G) C) A) G),True
hsa-mir-6807,G. U( G( A. G( C( C( A( G( U( G( G( A( A( U( G( G. A( G( A. G( G( C. U. G( U( G( G( G( C( A. G. G( G( G. G. A. G. A. U. G. U. G. A. A. G. G. A. A. A. G. A. A. C) U) A. G. G) A. C) C) C) A) U) U. C. A. U. C) C) A. C) U) G. C) A) U) U) C) C) U. G) C) U. U) G) G) C) C. C) A) G.,True
hsa-mir-6808,G. G. G. G. C. C. A. G. G( C( A( G( G( G( A( G( G( U( G( G( G. A. C. C( A( U( G( G( G. G. G. C. C. U. U. G. C) U) G) U) G) U. G. A. C) C) A) C) C) G. U) U) C) C) U) G) C) A. G.,True
hsa-mir-6809,A. A. U. G. U. U( G( G( C. A( A( G( G( A( A. A( G( A( A( G( A( G( G( A( U. C( A( U( G( U( U( U( G( C( C. C. C. C. G( U( G( G( A. C( A( G( C. U. C. U. C. U. G( G( U( G( U. G( C( U. C. C. U. C. C. U. G) C) C) A) U) C) C) U) G) C. C) C) A) C) C. C. C. U. G) C) A) U. A) A) U) G) C. U) G) C. U) U) C) U) C) U) U) C) U) C. U) C) C) U) U) C. C) C) A) G.,True
hsa-mir-6810,C. U. G. G. G. A. U( G( G( G( G( A( C( A( G( G( G( A. U. C. A( G( C( A( U. G( G( C. A( C( A( G( A( U. C. C. A. A. U. A. C. C. U. U) C) U) G) U) C. C) C) C. U) G) C) U) C. C) C) U) U) G) U. U) C) C) C) C) A) G.,True
hsa-mir-6811,U. A. U( G( C( A( G( G( C. C. U. G. U. G( U( A( C( A( G( C. A. C( U( C( A( G( G( C( A. G. U. G) C) C) A. U) G) A) G) C. C) U) G) U) G) C) U. U. G. U. C. C) C) U) G) C) A) G.,True
hsa-mir-6812,U. G. A. G. G. A. U( G( G( G( G( U( G. A( G. A. U. G( G( G( G( A( G( G( A( G( C( A. G( C. C. A( G( U. C. C. U. G. U. C) U) C. A. C) C. G) C) U) C) U) U) C) C) C) C) U) G. A) C) C) C) C) A) G.,True
hsa-mir-6813,G. U. A. G. G. C. A. G( G( G( G( C. U. G( G( G( G( U( U( U. C. A( G( G( U( U( C( U( C. A. G. U. C. A) G) A) A) C) C) U) U. G) G) C) C) C) C) U. C. U. C) C) C) C) A. G.,True
hsa-mir-6815,C. A. C( U( G( U. A. G( G( U( G( G. C. G( C( C. G( G( A( G( G( A( G( U( C( A( U( U( U. C. C. C. A. U. C. A. C. U. A) A) U) G) G) C) U) U) C) U) C) U) U. G) C) A. C) A) C) C) C) A) G),True
hsa-mir-6816,C. C. G. A. G( U( G( G( G( G( C. G( G( G( G( C( A( G( G( U( C( C( C. U( G. C( A( G( G( G. A. C. U. G. U. G. A. C) A. C) U) G) A) A. G) G) A) C) C) U) G) C) A. C) C) U) U. C) G. C) C) C) A) C) A. G.,True
hsa-mir-6817,A. G. G. A. U. U. C( U( G( C( C( A( U( A. G( G( A( A. G( C. U( U( G( G( A( G( U. G( G( A( A( C. U. G( A. C. C. U. G. C. C. C) C. C. U) U) U) C) U. C) U) C) U) G) A) C) U) C) C) A) U) G) G) C) A) G),True
hsa-mir-6818,C. U. A. U. U. U. U( G( U( G( U( G( A( G( U. A( C( A( G( A( G( A( G( C( A( U. C( U( G( A. A. U. G. G. G. U. A. C) A) G) U. U) G) U) U. G. U) C) U) C) U. U) G) U) U. C. C) U) C) A) C) A) C) A) G.,True
hsa-mir-6819,G. A. G. G. G. U. U( G( G( G( G( U( G( G( A. G( G( G( C( C. A. A( G( G( A. G( C( U( G. G( G( U( G. G. G. G. U. G) C) C) A. A) G) C) C. U) C) U) G) U) C) C) C) C) A) C) C) C) C) A) G.,True
hsa-mir-6820,C. C. U. U. C( U( G( C. G( G( C( A( G( A. G( C. U. G( G( G( G( U( C( A( C( C. A( G( C. C. C( U. C. A. U. G) U. A. C) U) U. G) U) G) A) C) U) U) C) U. C. C) C. C) U) G) C) C) A. C) A) G),True
hsa-mir-6821,G( U( G( C( G( U. G( G( U( G( G( C. U. C. G( A( G( G( C( G( G( G( G( G. U. G. G( G( G( G( C( C( U( C. G( C( C. C. U. G) C) U. U. G) G) G) C) C) C) U) C) C) C) U) G) A. C) C) U) C) U. C) C) G) C) U) C. C) G) C) A) C) A. G.,True
hsa-mir-6822,U. G. G. C. C. C( A( G( G( G( A( A( C( C( A( G( U( U( G( G( G( G( C( U( U( C( C. G( C( U. C. U. G) C) A. G) A) G) G) C) U) C) U) A) A) C) U) G) G) C. U. U) U) C) C) C) U) G) C. A. G.,True
hsa-mir-6823,C. A. A. G( G( U. C. A( G( G( G( U. U. G( G( U. A( G( G( G( G( U( U( G. C. U. G. U. U. G( C( U( G. U. G. A. A. A) G) C) U. G. A) G) C) C) U) C) U) C) C) U. U. C) C) C) U) C) C) A. G.,True
hsa-mir-6824,G. A. G. G. U. G. U. A. G( G( G( G( A. G( G( U( U. G( G( G( C( C( A( G( G( G( A( U. G( C( C( U. U. C. A. C. U. G) U. G) U) C. U) C) U) C) U) G) G) U) C) U) U. G) C) C) A. C) C) C) C) A. G.,True
hsa-mir-6825,G. G. G( C( A. U. G( G( G( G( A( G( G( U. G( U( G( G( A. G( U( C( A( G( C( A. U( G( G( G( G( C( U( A. G. G. A. G) G) C) C) C) C) G) C. G) C) U) G) A) C) C) C) G) C) C) U) U) C) U) C) C) G) C) A. G.,True
hsa-mir-6826,C. U. U. G. G. U. C. A( A( U( A( G( G( A( A( A( G( A( G( G( U. G( G( G( A( C. C. U. C. C. U. G. G( C( U( U( U. U. C. C( U. C. U( G( C( A( G. C. A. U. G( G( C. U. C. G. G. A. C) C) U. A. G. U) G) C) A) A. U. G) U. U. U. A) A) G) C) U) C) C) C) C. U) C) U) C) U) U) U) C) C) U) G) U) U) C. A. G.,True
hsa-mir-6827,U. C( U( G( G( U. G. G( G( A( G( C( C. A. U. G( A( G( G( G( U. C( U. G( U( G( C( U( G. U. C. U. C. U. G. A) G) C) A) C) C. G) U. C) U) C) U) U) C. U. G) U) U) C) C) C) C) A) G),True
hsa-mir-6828,G. G. C. U. C. A. G( G( A. A( G( C( A( A( G( A( G( A( A. C. C. C. U. G( U( G( G( U. C. U. A. A. C. C. U. U. U. C. C) C) A) U) C. U. G. C. U) C) U) C) U) U) G) U) U) C. C) C) A. G.,True
hsa-mir-6829,C. A. G. C. G. U. G( G( G( C( U( G( C( U. G( A( G( A. A. G( G( G( G( C( A( G( G( G( U. C. C. U. C. C. A. G. C. U. C. A. U. U. C. C. U) C) C) U) G) C) C) U) C) C) U) C) C. G) U) G) G) C) C) U) C. A. G.,True
hsa-mir-6830,G. U. G. C. C. C. C( A( A( G( G( A. A( G( G( A( G( G( C. U. G( G( A( C( A( U( C( C. C. U. C. A. U. C. U. G. U. U. U. C. U. C. A. C. U. G) G) U) G) U) C) U) U. U. C) U) U) C) U. C) U) C. C) C) U) U) G) C. A. G.,True
hsa-mir-6831,G. U. A. G. G( U( A( G( A( G( U( G( U. G. A. G( G( A( G( G. A. G( G( U( C( U. G. A. G. C. C. C. A. U. G. U. G( U( G( G( A( C( C. U. A. G. G) U) C) U) G) C) U. G. U. U. A. A. A. C. U. G) A) C) U) A. A. C) U) C) C) C) A) C) U) C) U) A) C) A. G.,True
hsa-mir-6832,G. G. U( G( G( A. G( U. A( G( A( G( A( G( G( A( A( A( A. G. U. U. A( G( G( G( U( C( A( G( U( G( G( C( A. G. A. G) C) C) A. G. G. C. A. G. A. U. G) C) U) G) A) C) C) C) U) U) U) U) U) C) U) C) U) U) U) C) C) C) A) G.,True
hsa-mir-6833,A. A. A. C. G. G. U( G( U. G( G( A( A( G( A. U( G( G( G( A. G( G( A( G( A( A( A( A. A. U. C. C. C. U. G. U. U. A. A. C. U) U) U) C) U) C) U) C. U) C) C) A) C) U) U) C) C) U. C) A) G.,True
hsa-mir-6834,G( U. G( A( G( G( G( A( C. U( G( G( G( A( U( U. U( G( U( G( G. G. G. C. G( A( G. G. A. G( G( G( A( C( C( U. G. U. A. C. U. A. G. C. C. A. U. G) G) U) U) C) U) G. A. U) C) A. C) A) U) A) U. G) U) C) C) C) A) U) C) C) C) U) C) C) A. U. C. A. G.,True
hsa-mir-6835,U. G. A. U. G. A. G( G( G( G( G( U( A( G( A( A( A( G( U( G( G. C( U( G. A. A. G. C. G. A( G( A( U( G. U. U. U. G) U) C) U) A. A. A. A) G) C) A) C) U. U) U) U) C) U) G) U. C) U) C) C) C) A. G.,True
hsa-mir-6780b,C. A. G. C. C( U( G( G( G( G( A( A( G( G( C. U. U. G( G( C( A( G( G( G( A. A( G( A( C. A. C( A. U( G( A( G. C. A( G( U( G( C. C. U. C. C) A) C) U) U) C) A) C. G) C. C. U) C) U) C. C) C) U) U) G) U) C) U. C. C) U) U) U) C) C) C) U) A) G),True
hsa-mir-6836,G. G. C. U. C. C. G( C( A. G( G( G( C( C( C. U. G( G( C. G( C. A( G( G( C( A( U( C( C( A. G. A. C. A. G. C. G. G) G) C. G. A. A) U) G) C) C) U) C) C) C) C. C. G) G) C) C) C) C. G) C) A. G.,True
hsa-mir-6837,G( U( G( G( G. A. C. C( A( G( G( G( C. C. A. G( C( A( G( G. G( A( A( U. G( U( C( A( G( G( G( C. C. A. C. C) C) C) U) G) A) C) C. U) U) C) A. C) U) G) U) G. A. C) U) C) U) G) C) U) G) C) A. G.,True
hsa-mir-6838,C. A. G. G. G. A. A. G( C( A( G( C( A( G( U. G( G( C( A( A. G( A( C( U( C( C( U. A. G. G. U. C. A. C. G) G) A. A) G) U) C) C. U) G) C) U) U. C) U) G) U) U) G) C) A. G.,True
hsa-mir-6839,U. G. U. A. G. U. C( U( G( G( A( U( U( G( A( A( G( A( G( A( C. G( A( C( C( C( A( A( G( C( A( G( G( C( U( U( U( G( U( G( U( G( A( G( C( A( G( U( G( A( G( G. C. U. A. U. U. U. A. U) U) C) A) C) U) U. G. G. G. U. G. C. G. A. G) C) U) C) A) C) A) C) G) A) A) G) C) C) U) G) C) U) U) G) G) G) U) U) U. U) C) U) C) U) U) C) A) A) U) C) C) A) G),True
hsa-mir-6841,G. U. G. U. U. U. A. G( G( G( U. A. C. U. C( A( G( A( G( C( A( A( G( U. U. G( U( G( A( A. A. C. A. C. A. G( G( U( G. U. U. U. U. U. U. A. A) C) C) U) C) A) C) C) U) U) G) C) A. U) C) U) G) C. A. U. C. C) C) C) A. G.,True
hsa-mir-6842,A. G. C. C. C( U( G( G( G( G( G( U( G( G( U. C. U. C( U( A( G( C( C( A( A( G( G( C. U. C. U( G( G( G. G. U. C. U) C) A) C. C) C) U) U) G) G) C) U) G) G) U. C. U. C) U) G) C) U) C) C) G. C) A) G),True
hsa-mir-6845,A. A. C. U. G. C. G( G( G( G( C( C( A( G( A. G( C. A. G( A( G( A( G( C. C. C. U( U( G( C. A. C. A. C. C. A. C. C) A) G) C. C) U) C) U) C) C. U. C) C. C) U) G) U. G) C) C) C) C) A. G.,True
hsa-mir-6846,C. A. G. G. C( U( G( G( G( G( G( C. U( G( G( A( U. G( G( G( G( U( A. G. A( G( U( A. G( G( A. G. A. G. C) C) C. A) C) U) G. A) C) C) C) C) U. U) C) U) G) U. C) U. C) C) C) U) A) G),True
hsa-mir-6847,G. A. C. C. C. A. C. A( G( A( G( G( A( C( A( G( U. G. G. A. G. U. G( U( G( A( G( C( U( G. G. A. A( G( G( A. G. U. G. G. G. C) C) U) G) G) C) U) C) A) U) G. U. G. U. C) U) G) U) C) C) U) C) U) U. C. C. A. G.,True
hsa-mir-6848,G( U( C. C( C( U( G( G( G( G( G( C( U( G( G( G( A( U. G. G( G( C( C( A( U( G( G( U. G. U. G. C. U. C. U. G. A. U. C. C. C. C. C) U) G) U) G) G) U) C) U) C) U) U) G) G) C) C) C) C) C) A) G) G) A. A) C) U. C. C.,True
hsa-mir-6849,C. C( U( G( G( G( A. G( U( G( G( A( U( A( G. G( G( G( A. G. U( G( U. G( U( G( G( A. G. A( G( A. G( C( A. C. U. G. A. G) C) C) U) G. C. C) C) A) C) C) A) G. C) C) U) G. U) G) U) C) C) A) C) C. U) C) C) A) G),True
hsa-mir-6850,G( U( G( C( G( G( A. A. C. G. C( U( G( G( C( C( G( G( G( G. C( G( G. G. A. G. G. G. G. A. A. G. G. G. A. C) G) C) C) C) G) G) C) C) G) G) A. A. C. G. C) C) G) C) A) C) U. C. A. C. G.,True
hsa-mir-6851,C. A. G. G. G. A. G( G( A( G( G( U. G( G( U( A( C( U. A( G( G( G( G( C( C( A( G( C. A. A. C. C. U. G. A. U. U. A. C. C. C. C. U. C. U. U) U) G) G) C) C) C) U) U) U. G) U) A) C) C) C) C) U) C) C) A. G.,True
hsa-mir-6852,U. G. C. U. G( C( C( C( U( G( G( G( G( U. U. C( U. G( A( G( G( A( C( A( U( G. C. U. C. U. G. A. C. U. C. C. C. C. U. G. A) U) G) U) C) C) U) C) U. G) U. U. C) C) U) C) A) G) G) U. G) C) U. G. G. G.,True
hsa-mir-6853,G. G. G. A. A. A. G( C( G( U( G( G( G( A. U. G. U( C( C( A( U( G( A( A( G. U. C( A( G( G( U( G. A. U( G( G( U. G. A. U. A. A. G. G. U) C) A) A. G. G) C) C) U) G) U) U) C) A) U. U) G) G) A) A. C. C) C) U) G) C) G) C) A. G.,True
hsa-mir-6854,A. A. A. G. C. A. A. G( C( U( C( A( G( G( U. U. U. G( A( G( A( A( C. U( G( C( U. G( A( U. G( U( C. A. U. C. A. G. U. C. A. U. A. A) C) U. U) C) U. G) C) G) U. U) U) C) U) C) C. U. C) U) U) G) A) G) C) A. G.,True
hsa-mir-6855,G. C( U( G( C. U. U( G( G( G( G( U( U( U. G( G( G( G( U( G. C( A( G( A. C. A. U( U( G( C( C( A. G. A. G. G. A. U. G. G) G) C) A) G) C. A. G. A. C) U) G) A) C) C) U) U) C. A) A) C) C) C) C) A) C) A) G),True
hsa-mir-6856,U( G( G( A( A. A. A. G( A( G( A( G. G. A. G( C( A( G. U. G( G( U. G( C( U( G( U( G( G( C( A. G. U. G( G( C( A. G. A. G. G) U) C) G) C) U) A) C) A) G) C) C) C) U) G) U) G. A. U) C) U) U) U) C) C) A) G.,True
hsa-mir-6857,G. C. U. U( G( U( U. G( G( G( G( A( U. U. G( G( G. U( C( A( G( G. C. C( A( G( U( G( U. U. C. A. A( G( G( G( C( C. C. C. U. C. C. U. C. U( A( G( U. A. C. U. C. C. C) U) G) U. U. U. G. U. G) U) U) C) U) G. C. C) A) C) U) G) A. C) U) G) A) G. C) U) U. C. U) C) C) C) C) A) C) A) G.,True
hsa-mir-6858,G( U( G( A( G( G. A( G( G( G( G( C( U( G( G( C( A. G. G. G( A. C( C( C( C( U. C. C. A. A. G. U. U. G) G) G) G) A. C) G. G. C. A. G) C) C) A) G) C) C) C) C) U) G. C) U) C) A) C) C. C. C. U. C. G. C. C.,True
hsa-mir-6769b,C. U. U. C. C. U. G. G( U( G( G( G( U( G( G( G( G( A. G( G( A( G( A( A. G( U. G( C( C( G( U( C. C. U. C. A) U) G) A. G) C) C. C) C. U) C) U) C) U) G. U) C) C) C) A) C) C) C) A) U) A. G.,True
hsa-mir-6861,G( A. G( G( C( A. C( U( G( G( G( U. A( G( G( U. G( G( G( G( C. U( C( C( A( G( G( G. C. U. C. C. U. G. A. C. A. C) C) U) G) G) A) C) C) U) C) U. C) C) U) C. C) C) C) A) G) G) C) C) C) A. C. A.,True
hsa-mir-6864,G. A. A. A. G. U. U( G( A( A( G( G( G( A( C. A( A( G( U( C( A. G. A( U( A. U. G( C( C( A. U( U( A( U( G( U. G. G. G. U. C) A) U) G) A) G) G) U) G. G) U) G. A. G) A) C) U) U) C. U. C. U) C) C) C) U) U) C) A) G.,True
hsa-mir-6865,A. U. C. C. A. U( A( G( G( U( G( G( C. A( G( A( G( G( A( G( G( G( A. C. U. U( C( A( G( A( U. G. C. U. U) C) A. U) G) A) C. A. C) C) C) U) C) U) U) U. C. C. C) U) A. C) C) G) C) C) U) A) C. A. G.,True
hsa-mir-6866,C. C. A. U. U. U. U( A( G( A( G( G( C. U( G( G( A( A. U. A( G( A. G( A( U( U( C( U( U( G. A. G. G( C( U( U( G. G. A. A. G) A) G) U) A) A) G) G) A) U) C) C. C) U) U. U. A. U) C) U) G) U. C) C) U) C) U) A) G.,True
hsa-mir-6867,C. C. C. G( G( U( G( U. G( U. G( U( G( U. A( G( A( G( G( A. A( G( A( A. G( G( G. A( A. G. C( U. G( G( G. A. A. C) C) U. G) A. C. U) G. C) C) U) C) U) C. C) C) U) C) U) U. U) A) C) C) C) A) C) U) A. G.,True
hsa-mir-6868,C. C. A. G. G. A. C( U( G( G( C( A( G( A( A. C. A( C( U. G( A( A( G( C. A( G( C( A( G( G. C. A. C. C) U) G) C) U) U. C. C) U) U) C) U. G) U) U. G. U) C) U) G) U) G. C) A) G),True
hsa-mir-6869,G. U( G( A( G( U( A. G. U. G. G( C( G( C( G( C( G( G( C( G( G( C( U. C. G( G( A( G( U. A. C. C) U) C) U) G) C) C) G) C) C) G) C) G) C) G) C) A. U. C. G. G) C) U) C) A) G. C. A. U. G. C.,True
hsa-mir-6870,C. A. A. G. G. U. G( G( G( G( G( A( G( A( U( G( G( G( G( G( U( U. G( A( A. C( U. U. C. A. U. U. U. C. U. C. A. U. G) C. U) C) A) U) C) C) C) C) A) U) C) U) C) C) U) U) U) C. A. G.,True
hsa-mir-6871,C. U. C. C. U. C. A. U( G( G( G( A( G( U( U( C( G( G( G( G( U( G( G. U( U. G( C( U( G. G. A. G) G) U) C. A) G. C) A) C) C) C) U) G) U. G) G) C) U) C) C) C) A) C. A. G.,True
hsa-mir-6872,G. U. G. G. G. U. C. U( C( G( C( A. U. C( A( G( G( A( G( G( C( A( A. G( G( C. C( A( G( G. A. C. C. C. G. C) U) G) A. C. C) C) A. U) G) C) C) U) C) C) U) G) C. C. G) C) G) G) U. C. A. G.,True
hsa-mir-6873,C. C. C. A. G. C. A( G( A( G( G( G( A( A( U. A( C( A( G( A( G( G( G( C. A( A( U( C. A. G. G( A( C( U. G. G. G) U) C) A) U) U) C) U) C) U) C) U) G) U) C. U. U) U) C) U) C) U) C) U) C. A. G.,True
hsa-mir-6874,G. C. C. A. C. A. U( G( G( A( G( C. U( G( G( A( A( C( C( A( G( A( U( C( A( G( G( C( U. U. U. A. A. U. G) U) U) U) G) A) A. G. U. A. A. U. G. U. C. A. G. U. U) C) U) G) C. U. G) U) U) C) U) G) A. C) U) C) U) A) G.,True
hsa-mir-6875,G. A. G. U. C( U( G( A( G( G( G( A( C. C( C( A( G( G( A. C( A( G( G( A( G( A( A( G. G( C( C. U. A( U( G. G. U. G. A) U) U. U. G) C) A. U) U) C) U. U) C) C) U) G) C. C) C) U) G) G) C. U) C) C. A. U. C) C) U) C) A) G),True
hsa-mir-6876,A. G. U. U. G. C. A. G( G( A( A( G( G( A( G( A( C( A( G( G( C( A( G( U( U( C( A( G. G( A. G. G. U. G( G( C( A. C. U. G) C) U) G. U. G. U) G. U) G) A) G) C) U) G) U) C) U) G) U) G. U. U. U) U) C) C) U) U) C) U) C. A. G.,True
hsa-mir-6877,A. G. U. U. C. A. G( G( G( C( C( G. A( A( G( G( G( U( G( G( A( A. G( C( U( G( C. U. G( G( U( G. C. U. C. A) U) C) U. C) A) G) C) C. U) C) U) G) C) C) C) U) U) G) G) C) C) U) C. C. C. C. A. G.,True
hsa-mir-6878,A. U. G. A. G. A. G( G( G( A( G( A( A( A( G( C. U. A( G( A( A. G( C( U( G. A. A( G( A. U( U. C. U( G( A( A. A. A. U) C) A) C. U. A) A. C) U) G) G) C) C. U) C) U) U. C) U) U) U) C) U) C) C) U) A. G.,True
hsa-mir-6879,C. A. G. A. G. C. A. G( G( G( C( A( G( G( G( A( A. G( G( U( G( G( G. A( G( A( G( G( G( G. C. C. C. A. G. C. U. G. A. C) C) C) U) C. C) U) G. U) C) A) C) C) C. G. C. U) C) C) U) U) G) C) C) C) A. G.,True
hsa-mir-6880,G. A. G( G( G( U. G( G( U. G( G( A( G( G( A( A( G( A. G( G( G( C( A( G( C( U. C. C. C. A. U. G) A. C) U) G) C) C) U) G. A. C. C. G. C. C) U) U) C) U. C) U) C) C) U. C) C) C) C) C) A. G.,True
hsa-mir-6881,U. G. C. A. C( U( G( G( G( G( U( A( A( G( G( A( U( A( G( G( A( G( G( G( U( C( A( G( G. U. C. U( G( C( A( G. C. C. U. U) G) U) A) U. C. U. G. C) U) G) A) U) C) C) U) C) U) U) U. C. G) U) C) C) U) U) C. C. C. A) C) U) C) C) A) G),True
hsa-mir-6882,G. G. C. U. U. U. A. C. A. A( G( U. C( A( G( G( A( G( C. U. G( A( A. G( C( A( G( C( U. G( G( A. A. U. U. C. A. A. G. C. C) C) U. G) C) U) G) C) C. U) C) U. C. C) U) C) U) U) G) C. C) U) G. C. A. G.,True
hsa-mir-6883,C. A. G. A. C. A. G( G( G( A( G( G( G( U( G( U. G( G( U( A( U. G( G( A( U. G. U. G( U( U( G( A( C( C( C. C. U. G. A. A. G. U. G) G) U) U) C. U. G. A. U. G) A) C) C. U. U. U) C) C) C. U) A) U) C) U. C) A) C) U) C) U) C) C) U) C. A. G.,True
hsa-mir-6884,C. C. C. G. C. A. G( A( G( G( C( U. G( A( G( A( A. G( G( U( G( A( U( G( U. U. G( G( C( U( C( A. A. G. A. A. A. G. G. G. A. G. A. U. A. G. A. U. G. G) U. A) G) C) C) C) A) U) C) A) C) C) U) U) U) C) C. G) U) C) U) C) C. C. C. U. A. G.,True
hsa-mir-6885,C. C. U. G. G. A( G( G( G( G( G( G( C( A( C. U. G( C. G( C. A( A( G( C( A( A( A( G( C( C( A( G( G( G. A. C. C) C) U) G. A. G. A. G) G) C) U) U) U) G) C) U) U) C) C) U) G) C) U) C) C) C) C) U) A. G.,True
hsa-mir-6886,C. U. U. G. G. C. C. C. G( C( A( G( G( U. G( A( G( A( U. G( A( G( G( G( C( U( C( C. U. G. G. C. G. C. U. G) A) U. G) C) C) C) U) U) C. U) C) U) C) C. U. C) C) U) G) C) C. U. C. A. G.,True
hsa-mir-6887,G. A. G. A. A. U( G( G( G( G( G( G( A( C. A( G( A. U( G( G( A( G( A. G( G( A( C( A. C( A( G( G. C. U. G. G. C. A. C) U) G) A. G. G) U) C) C) C. C) U) C) C) A) C) U) U. U) C) C) U) C) C) U) A) G.,True
hsa-mir-6888,G. U. G. G. G. A. A. G( G( A( G( A( U( G( C. U( C( A( G( G( C( A( G( A( U( C( U( G. U. C. U. C. U. G. A. U. U. G. U. U. U. C. C. A. A) G) A) U) C) U) G) U) C) U) C. G) A) U. U) G) U) U) U) C) C) A. G.,True
hsa-mir-6889,C. U. G. U. G. U. C. G( G( G( G( A( G( U( C. U. G( G( G( G( U( C. C( G( G( A( A. U( U( C( U. C. C. A. G) A) G) C. C. U) C) U) G) U. G) C) C) C) C) U. A) C) U) U) C) C) C) A. G.,True
hsa-mir-6890,U. G. G. G. C. C. A. U( G( G( G( G( U( A( G( G( G( C( A( G( A. G. U. A. G( G( G( C( U( G. G. A. U. G. G. U. A. G. G) G) C) C) C) A. C) U) G) C) C) U) A. U) G) C) C) C) C) A) C. A. G.,True
hsa-mir-6891,G. U. A( A( G( G( A( G( G( G( G( G( A( U( G( A( G( G( G( G( U( C( A. U. A. U. C( U( C( U( U. C( U( C. A( G( G( G( A. A. A. G( C( A. G. G. A. G) C) C) C) U) U) C. A) G) C. A) G) G) G) U. C. A. G. G) G) C) C) C) C) U) C) A) U) C) U. U. C) C) C) C) U) C) C) U) U) U. C. C. C. A. G.,True
hsa-mir-6893,C. C. G. G( G( C( A( G( G( C. A( G( G( U( G( U( A( G( G( G( U( G( G( A( G( C( C( C. A. C. U. G. U. G) G) C) U) C) C) U. G. A. C. U. C. A. G) C) C) C) U) G) C) U. G) C) C) U) U. C. A. C) C) U) G) C) C) A. G.,True
hsa-mir-6894,C. A. A. G. A. A. G( G( A( G( G( A( U. G( G( A( G( A. G( C( U. G( G( G( C( C. A( G( A( C. A. U. G. C. U) C) U) U. G) C) C) U) G) C) C. C) U) C) U) U) C) C) U) C) C) A. G.,True
hsa-mir-6895,C. A. G. C. U. C. A( G( G( G( C( C( A( G( G( C( A. C. A( G( A( G( U. A. A( G( C( A. U( C( A( A. U( A( G( C( A. U. U. G. G. C. A. A. G) U) U) G) A. A. C. U) G) A) G) C) U) G. U. C) U) C) U) C. G) C) C) C. U. U) G) G) C) C) U) U) A. G.,True
hsa-mir-7106,G. C. U. U. C( U( G( G( G( A( G. G. A( G( G( G( G( A. U( C( U. U. G( G( G( A( G( U( G. A. U. C. C. C. A. A. C. A. G. C. U. G. A. G) C) U) C) C) C) U. G) A) A. U) C) C) C) U) G. U) C) C) C) A) G),True
hsa-mir-7108,G( U( G( U. G( G( C. C. G( G( C( A. G( G( C( G( G( G( U( G( G( G( C( G( G( G( G. G( C( G( G( C. C. G( G( U( G( G( G( A. A. C. C. C. C. G. C. C) C) C) G) C) C) C) C) G) C) G. C) C) C) G) C) A. C) U. C) A) C) C) C) G) C) C) C. G) U) C) U. C. C) C) C) A) C) A. G.,True
hsa-mir-7109,G. U. C. U. C. C( U( G( G( G( G( G( G. A( G( G( A( G( A( C. C. C( U( G( C( U( C( U( C. C. C. U. G) G) C. A) G) C) A. A) G) C. C. U) C) U) C) C) U) G. C) C) C) U. U. C) C) A) G) A. U. U. A. G. C.,True
hsa-mir-7110,G. G. G. G( C( U. G( G( G( G( G( U. G( U( G( G( G( G( A( G( A( G( A( G( A( G( U. G. C. A. C. A. G. C. C. A( G( C( U( C. A. G. G. G. A. U. U. A. A. A) G) C) U) C. U. U. U. C. U. C. U. C) U) C) U) C) U) C) U) C) U. C) C) C) A) C) U. U) C) C) C) U) G) C) A. G.,True
hsa-mir-7111,C( U( G( G( G( G( G( A( G( G( A. A( G( G( A( C. A( G( G( C. C. A( U( C( U. G. C. U. A. U. U. C. G. U. C. C. A. C. C. A. A. C. C. U. G. A. C. U. U. G) A) U) C) C) U) C. U) C) U) U) C. C) C) U) C) C) U. C) C) C) A) G),True
hsa-mir-7112,A. C. G( G( G( C( A( G( G( G( C( A. G( U( G( C. A. C. C. C. U( G( C( A( G( G( U( G( A. G. A. G. C. G. G. G. A. A. C) A) C) C) U) G) C) A) U. C) A) C) A. G) C) C) U) U) U. G. G) C) C) C) U. A. G.,True
hsa-mir-7113,C( U( C. C( A( G( G( G( A( G( A. C. A. G( U( G( U. G( U( G( A( G( G( C( C( U. C. U. U. G. C. C. A. U. G) G) C) C) U) C) C. C. U. G) C) C. C) G) C) C) U) C) U) C) U) G) C. A) G),True
hsa-mir-7114,U. C. C. G. C. U. C. U. G( U( G( G( A( G( U. G( G( G( G( U( G( C. C. U. G( U( C( C( C( C( U. G. C. C. A. C. U. G) G) G) U. G) A) C) C. C) A) C) C) C) C) U. C) U) C) C) A) C) C. A. G.,True
hsa-mir-6511b-2,G. G. G. G. C. C( U( G( C( A( G( G( C( A( G( A( A( G( U. G( G( G( G( C. U( G( A( C. A. G( G( G( C( A. G. A. G. G. G. U. U. G. C. G) C) C) C) C. C. U) C) A) C. C) A. C) C) C) C) U) U) C) U) G) C) C) U) G) C) A) G),True
uc001api.1.2,U( G( G( G( G( G( U( U( A( U. G( G( A( A( C( C( A( G( A( A. A. A. U( G( G( G. A. U. C. A. U. G. C) C) A) U) C) U) G) G) G. U. U. G. U) U) C) C) U. U) G) G) C) U) U) C) C) A) G.,True
uc001api.1.6,C. A( G( C( A( G( G( A( G( A( A. A. A( G( C( U( G( G( U( G( A( A( U( C( A( G. A. A. A. U) G) A) C. U) U) C) A) U) U. C. C. A. C. U. C) G) G) U) U) C. U) C) U) U) C) U) G) U) U) C. U. A. G.,True
uc001bfj.61,U. U. G. G( G( G( G( G( U( G( G( U( A( A( C( U. G( U( A. G( G( A. G( C( A( G( C. C. C. A. C. A. A. A. G. C. C. C. A. C) U) G) C) C. C) C) C. G) C) C. C. A. C. G) U) U) G) C) C) A) C) C) C) C) C) A. A. C. C. C. A. G.,True
uc001bny.0,A. G( G( G( G( G( C. A. C. U( G( G( G( C( A. G. A. C( A( G( U( G( U( G( U. G( C( A. A( G( A. U( A( G( A( G. U. C. C. A( G( G( G. C. C. A. C) C) U) U) C) U) G) G. C) U) G. A. G) C) C) A) C) A) C) U) G) A. G) U) C) C) A) U. U. A. C) C) C) C) C) A. G.,True
uc001bqa.8,C. G. G( G( G( C( A( G( A( G( A. G( A( A( G( C( C( A( U( G( U. G. U. G( U( C( U. G( U( C. U. G. U. C. A) C) U. G) A) C) C) G) U) G) G) C) U. U) U) C) C. C) U) U) U) G) C) C) U) G. C. A. G.,True
uc001bvb.1,G( G( U( G( G( G( C. G( G( G( G( U. C. C. U( G( C( U( U. G( G( U( G( C( U. C. C. U. G) U) A. A) C) U) C. A) G) C) A) C. C) C) C) U) U. C. U. C) C) C) A) C) C) A. A. A. G.,True
uc001cbk.2,U. C. C( A( A( A( G( G( G( A( U. A( U( A( U( A( U( G( A. C. U. G( C( A( U( G. U. A. U. G) U) G) C) U) G) U) G) U) A) U) U. C. U) C) U) C) U) U) U) G) A. A. C. A. G.,True
uc001dxa.16,A. U. G( G( U( G( G( G( G. A( U. G( U( C( A( G. G( U. G( U( G( G( G( U( U. G( U( G. A. G. C. A) C) A) C) C) C) A) C) C) G. U) G) A) C) C. U. U) G. C) C) C) A) C) C) C. C. A. G.,True
uc001epm.3,U. U( G( G( U( A( A( A. G( U. U( G( G( U( U( U. A. A( A( G( U. G( A( U. G( A( C. A. U. G. U. A. U) C) U. U) C) C) U) U) G) A) C) C) A) U. C) C. U) U) A) U) C) A) G.,True
uc001eto.1,U. C. A( G( A( A( A( U( A( G( G( A( A. G( G( U( G( G( A( A. G( G( G( C. U. U. C. A. U. G( G( A( U. A. A. U. C. U) C) C) U. U. U. U) C) C) U) C) C) A) C) U) A. U) C) U) U) G) U) U) U) C) U) A. C. A. G.,True
uc001fpr.2,U( G( G( G( G( A( G( G( G( U. G( U. G( A( G( A( G( A( G( G( U. G( C( C( C. A. A. A. G) G) C) C. C) C) U) A. A. A. A. G. G. U. G. A. G. C. C) U) C) U) C) C) U. C) U) C) U) C) C) C) C) A) C. A. G.,True
uc001fxk.4,G( U( A( A( G( U. C( U. G( G( G( G( A( G. A. U( G( G. G. G. G( G( A( G( C( U( C. U. G. C. U. G. A( G( G( G( U( G. C. A. C. A. A. G. G) C) C) C) U) G) G) C) U) C) U) A. C. A. C) A) C. A. U) C) C) C) U) G) U. C) U) U) A) C) A. G.,True
uc001gxo.1,A. G( G( U( A( G( A. A. G( G( A( G( A. G( A( A( A( A. G( G( A. G( G( C( U. A( G( G. A. G. U. C. A. G. C) U) G) C) U) C. A. C. C) C) A. U) U) U) C) C) U) C) C) C. C. C) U) G) C) C) A. G.,True
uc001jvb.0,A. G( G( G( C( A( G( G( A. A. G( G( U. G( G( G( U( C( U( U( C( U. U. G. U. G. A. C. U. G) A) A) G) G) U. C) C) C) C) C) G. G. A. U) C) U) G) C) C) C) C. U. C. C. A. G.,True
uc001kuo.1,A. A( G( A. U( A( G( G( C. U( G( G( G( C( U( G. U. G( U( U( U( C( U( U. G( G( U. U( U( G( G( G( A( A. G. A. U) U) C) C) A) G) U. C. C. C) C) U. A) G) A) A) A) U) U. G) G) U) C) C) A) A. U) C) U) A) C. C) U) C. A. G.,True
uc001kwy.1,U. C( U( G( G( A( U. G( G( G( G( C( G( G( G. A. G( G( C( U. C( A( C. U. G( G( U( U. U( C( A. U. G. U. G) G) C. G) C) U) C. A. U) G) U. G) C) U) G. A. C) U) G) C) U) C) U) C. C. C. U) C) C) A) G),True
uc001lue.1,U. G( G( G( C( A( G( C( U. G. G. G. U. G. G( G( C( C. U( G( A( G( C( U( A( G( G( G. C( A. G. C. A. G. G) G. C) C) U) G) G) C) U) C) A) C. G) C) C) G) C) U) G) C) C) U) C. A. G.,True
uc001neq.2,U. A. C( U( G( A( G( U. U. G( C( A( G( U. A( G. G( G( U( A( U. C. A. G( C. U. U( C( U. G( A( U( G( C( U. A. A. U. G) U) G) U) C) U. G) A) U. U. C) C. U) G) C) U) G. U) C) U) G) C) U. U. C) U) C) A) G),True
uc001nkm.0,A. G( C. A( G( G( G( C. U. G( G( A( A. U. G( G( U. C( A( A( G( G( U( U( C. C. U. G. G. G. A( U( G( U( C( A( C( A( G( G. A. U. G. C) U) G) C. U) G) A) C) A) U) G) A) C) C) U) U) G) C) C) C. C. U) C) C) C. U. C) C) C) U) C. C) A. G.,True
uc001nvf.1,G. U( A( G( G( A( A( G. C( A( U( G( G( A( C. A( G( A( G( U( A( A. G. A. A. C( U( U( G. U. G. U. G. U. G. G) A) G) A. G. A. A. U) A) C) U) G. C) U) U) C) C) A) U) G) U) U) C) C) U) A) A. U. A. C. C. U. G. U. U.,True
uc001obh.2,G. A( G( G( G( G( U( A. G( G( G( G( C. C( A( C( A( G( A( G. C. A. G. G( G( C( A. C. C. C. G. G) C) C) A. U. C. C. C. A. U) C) U) G) U) G) A. C) C) C) C) A) C) C) U) C) U) A. G.,True
uc001ojn.1,A. G( G( G( A( G( G( G( G( U( G( G. C. A. G( G( G( A( U. U( C( C. C( G. C. C. U. G. U. U. A. C. A. G) A. G) A) C. U) C) C) C) C. C. A. C) A) C) C) U) U. U. C) U) C) C) C) A. A. C. A. G.,True
uc001okc.13,U. C. U. G. G. C. C. U. C( U( G( C( A( G( C( C( A( C( A. C. G( G( C( A. G. A. A( G( U( G. A. C. A. G) C) U) G. U. G. G. G) C) U) C. U. G. G) U) G) G) C) U) G) C) A) G),True
uc001okr.2,U( G( C( A( U( G( G( G( A( C. A( G( G( A( G. A( G. C( U( U( G. U. U. G( C( A. G. A( G( A. U. G. U. G. A. U. G. C) U) A. G. G) C) U. G) A) G) G. U) G. U) C) U) U) A. U) C) C) C) A) U) G) C) A) G.,True
uc001ont.5,C. A. C( U( G( G( G( G( A( U. G( C. U. G( C( A( G( A( G( A. C( C( A( G( A( C( A. G. A. C( U. C. A. U. G) G. G. G) U) C) A. U) G) G) A. C. U) U) C) U) G) C) U. U. C) U. U) C) U) C) C) A) G),True
uc001orw.0,U. C( U( G( G( G( G( C. U. G( A( G( G( C( U( G( G( C. U( G( A. G( G( C. C. C. C. U. C. C. C. C. A. C. C) C) A. C) A) C. C) C) A) G) C) C) U) C) C. U. C) U) C) C) A) G),True
uc001pyp.0,U. C. A( G( G( G( A( G( A( A( A( G( A( A( G( G( G( U( U( A( U( U( A. A. C( A( U. U. A. A. A. A. G. A. A. C. U. U) G) C. A) G) U) A) A) U. U) C) C) U) U) U) U) U) C. U) C) U) U) C) C) U) C. A. G.,True
uc001qnt.0,A. U( G( C( G( G( G( G( C( G( G( G( G( C( C( U. G( G( G. G. U. U. G( C( C( G. C. C. C. G. A. G) G) C) U. C. A. C) C) G) G) C) C) C) G. C) G) U. C) C) C) C) G) C) A) G.,True
uc001qnt.2,C( U( G( U( G( G( G( G( U. G( G( G( G( G( U( G( C( A. G( G( C( G( C( U. U. C( U( C. C. U. U. U. A) G) C. U. G) U) G) C) C) G) C) A) C) U) U) C) U) C) C) C) U) A) C) A) G),True
uc001spv.2,U. G. C. U. G( C( A( G( G( C( U( C( A. U( A( C. C( A( U( C( C. U. A( A( C. U( C( U. G. U. A. A. G. C. G) A) C. U) U) U. U. G) G) U) G) A. U) A) G. G) A) G) U) C) U) G) U) G. A. U. U. G. U. A. G.,True
uc001tsa.19,C. U. G( G( C( C( A( G( G( A( A( C. U. U. U. U. G( G( G( A( U. G( G( G( G. A. C. A. C. C. A. C. C. U. C. U. C. A. G. C) C) C) U) C) C) C) U. C. U. C. U) U) C) C) U) G) G) C) C) C. C. A. G.,True
uc001txo.3,A. U( G( G( G( U( G( C. U. G( G( G( G( A( C( A( U( G( C( U( G( U. A. A. A. A. U. A. C. C. G( G( U. U. G. A. U. C) C) C) A) G) U. C) G) U) G) U) C) C) U) U) C. C) A) C) C) C) A) G.,True
uc001uiz.7,A. G( C( C. A( G( G( A( C. U. G( A( G( C. U( U( G( G. C. G( A( G( C( C( C( C( U( G( A. A. G. C. C. C) A) G) G) G) G) U. C) U) C) A. C) A) G) A. C) U) C) U. U. C. U) C) C) U) G) C) A. G.,True
uc001uje.5,G. G. G. C. C. C. G. G( C( G( G( G( G( A( G( G( G( G( C( U. C. C( G( G( G( G( C( C( G( G. C. G. C. C) G) G) U) C) C) U) G) A. C. G) C) U) U) C) U) C) U. C) C) C) G) C) A. G.,True
uc001ujz.10,A. G( G( G( G. A( G( G( G( U( G( G( U( G( G( G( G( G( C( U( A. G. C. A. G. U. C. C. G. G) G) C) C) C) U. G. U. C. U. C. A. C. A. A. C) C) A) C) U) G) C) C) C) U) G. C) C) C) A. G.,True
uc001war.28,U( A( G( A( G. G( A( G( U( G( G( G( U. U. U. A( C( U( G( G( A( C( A( G( U( G( A( U( C( U. U. U. U. G) G) U) C) U. U. A) U) U) G) U) U) U) G) G) U) U. U. C) C) U) A. A) C) U) C) A. U) C) U) A) G.,True
uc001whc.2,A. G( G( G( A( G( G( C. U( G( A. G( G( G( A( A. G( G( G( A( C( U. C. A( G( G. C. U. G. C) U) A. U. C. G) U) C) A. C) U) G. U) C) C) C) C) A) U. C) C) U) U) C) C) A. G.,True
uc001whh.2,U. A. A. G( G( G( G( A( G( A( G( G( G( A( A( U( G( U( G( G( G( A. C. A. U. G. A. C) C) C) A) U. C) A) U) U) U) C) C) U) C) C. U. U) C) C) C) C) A. G.,True
uc001zbn.2,G( G( G( C. A( U. G( G( C( A( G( G( G( G( G( A( G( C( U( G( C. A. G( G( G( C( U( G. U. U. G. G. A. G. G. G) G) C) C) C) C) A) G) C) G. U) C) U) G. A. G. C) C) C) U) G) U) C) C. U) C) C) C) G. C. A. G.,True
uc001zqj.2,U. U( G( G( G( G( G( C. G( G( G( G( A( C. A. G( G( G( A( G( G( C( U. G( G. A( G( G( A. A. G. C. C) U) U) G. C) U. G) C) C) U) C) U) C) C. C. U) C) C) U) C) C) C) C) C) C) A) G.,True
uc001ztb.2,U. A. U. U( G( G( G( A( A( U. U. G( U( G( G( G( U( A. G. C. G( G( U( G. C. A. G. U. A. A) C) U) A. G. A) C) C) U) G) C) C. U. U) U) C) C) C) A) U. A. G.,True
uc002clv.14,A. G( G( G( A( G( U. U. G( G( U( G( G( U( G. G( G( C( A. U. G( G( U( G( C( C( C( U( G( U. G. U. C. C) A) G) C. U. G) G) C) A) C) C) C. G. A. G) C) C) G. G) C) C) G) C) C) U. G. C. C) U) U) C) C) A. G.,True
uc002cos.37,C. G( G( G( U( A( G( G( G( G( G( A. G( U( C( U( G. G( G( C( U( U( C( A( G( G( C( U( G. G. G. A. U. G. G. G) G) U) C) U) G) U. G. G) A) G) C) U) G. A) G) G) C) G. G. C) C) C) C) C) U) G) C) C) C) A. C. C. A. G.,True
uc002cow.6,C. G( G( G( U. G( A( G( G( G. A( G( C. G( U( G( U( G( C( C. A. G. G. C. A. G( G( C( C( G. U. G. A. G. G) G) U) C) A. G) C) A) C) G) C) C. C) U) C) C) U) C) U. C) C) C) A. G.,True
uc002cqk.5,U( G( A( G( G( U( G( C( C. U( G( G( G( U( C( A( G( U( G( C( U( G( A( U( A. G. G. G. C. A. G) U) C) A) G) G. C. C. G. C. C) A) C) U) G) A) C) C) U) G) A. G) C) A) U. C) C) U) G. C) A) G.,True
uc002dcr.2,A( G( G( G( C. A( G( A( G( G( G( A( A. U. C. C. C( A( C( A( C( G( G. G( C. U( G( G. U. G. G. A. U. C) A) U) G. U) G) U) G) U) G) C. A. U) U) U) C) U) C) U) C) C) C) U) U. C. U. A. G.,True
uc002dcx.3,A( G( G( G( C. A( G( A( G( G( G( A( A. U. C( C. C( A( C( A( C( G( U( G( C. U( G. G. U. G. G. A) U. C) A) U) G) U) G) U) G) U. G) C. A. U) U) U) C) U) C) U) C) C) C) U) U. C. U. A. G.,True
uc002dev.3,A( G( G( G( C. A( G( A( G( G( G( A( A. U. C( C. C( A( C( A( C( G( U( G( C. U( G. G. U. G. G. A) U. C) A) U) G) U) G) U) G) U. G) C. A. U) U) U) C) U) C) U) C) C) C) U) U. C. U. A. G.,True
uc002dfc.3,A( G( G( G( C. A( G( A( G( G( G( A( A. U. C( C. C( A( C( A( C( G( U( G( C. U( G. G. U. G. G. A) U. C) A) U) G) U) G) U) G) U. G) C. A. U) U) U) C) U) C) U) C) C) C) U) U. C. U. A. G.,True
uc002dva.1,G( U( G( A( G( C( U. A( G( G( G( C. U. G( C( U. U. G( G( G( G. G. C. G( G( A( G. C( C( G( A. U( G( G( C. G. A. G. C) C) A) G. G. U) G) G) G. U) C) C) U. G. A. C) C) C) U. G) C) U. U. C) C) C) U) C. U. G) C) A. C. U) C) G) C) C. C. A. G.,True
uc002dww.3,U. C( G( U( G. G. C( C( U( G( C( A( G( U( G( G. A. U. G( A( G( G( G. C( A( G. G( A( G. G. C. U) C) A. U) G) G. C) U) U) C) U. G. A. C) A) C) U) G) U) G) G) G) G. A. A) C) G) U. G. C. A. G.,True
uc002dzz.8,U. A. C. C( U( G( G( G( C( G( C( A. G. G( G( A( U( G( G( G( A( G( U. G( G. C. C( A( G( G. A. G. U. G. C) U) G) A. C) C) U) C) U) C) A) U) C) U) G. G) C) U. G) C) C) C) A) G),True
uc002egp.17,A. C. U( G( G( C( A( A. A. A( G( G( G( U. U. U. A( G( A( A( C( U( U( G. A. C. U. G. C. C. C. U. A. U. A. A. A. G) A) G) U) U) C) U) U. C. C) U) C) U) G. U) G) C) C) A) U. A. G.,True
uc002eux.5,U. G. G( A( G( G( G( G( A( G( C. C. G( A( G( A. G( U. A( U( C( G( A( G( C( A. G. G. C. A. C. U. G. A. A. G) C) U) G. C) G) G) U) C. C) C) U) C) C. C) U) C) U) C) C) U) C) A. G.,True
uc002ewx.1,U. U. G( A( G( G( A( U. G( A. U( G( C( A( G( U( U( C( A. G( C. U( G( U. U. C. C. C. A. C. U. C) A) C. C) A. G) G) G) C) U) G) U) A) A. C) U. U) C) C) U) U) U. G. C. A. G.,True
uc002fsg.2,U. C( G( G( G( G( G( U( G( G( A. A. C( G( G( G( G( C( U. G( C( U. G( G( C( C( C. A. G. C. U. A. A. G) G) C) U) G) C) C. U. G) A. C) C) U) C) G) G. C. C. C) C) A) C) C) C) C) U) G) C. A. G.,True
uc002fwx.16,U( G( G( G. C. C( A( G( G( A. C. U. A. A( G( G( G( A( U( G( G( G( C. G. U. G( U( C( U( U( C. A. U. G. U. G) G) G) G) C) U. U. C) U) C) A) U) C) U) C) U) G. A. U. U. C. C) C) U) G) A. C) C) A) G.,True
uc002fzo.5,U. G. G( A( G( G( G( U( A( G( A( C. U. G( U. G( G( G( U( U( G( G( C( A( G. C. U( C( U. A( G( A. C. C. U. U. G. G. C. C) U) G) A) U. A. U) G) C) U) G) A) C) C) C) C) U) C) U) G) C) U. C) C) U) C) A. G.,True
uc002fzz.2,U( G( G( C. A( G( G( G( G( G( U. G( G( A( A( U. U. G( U. G( A( C. A. C. C. U. G( G( A( U. C. C. U. A. G. C. C. U) C) C) U. U. U) C) U. C) U. U) U) C) C) U. C) C) U) C) C) U) C) C) A) G.,True
uc002gjp.18,G. U. G( G( G( G( U( G( G( G( G( A( A( U. U. G( A( G( A( G( G( A( U. C. U. G. A. C. G. C. U. G. A. U. U. U. C. U. U) C) C) U) C) U) C) U. C. U) U) C) C) C) U) C. A. A) C) U) C) U) C. A. G.,True
uc002hbq.2,U. U( G( G( G( A( U( A( G( G( C. G( U. U. C( A( G( A. G( A( A( G( G( U( A. A( U( U( U. G. G. U. C. U. U. U. G) G) U) C. A) U) C) U) U) C) C. C) U) G) U. U. C) C) U) U) A) U) U) U) C) A) G.,True
uc002hbu.2,U. C( U( G( G( A( A( A. G( G( A( A( G( G( G( C( A( G( U. U. C. C. U. U. A( A( C( A( U. U. A. A. U. U. A. U. U) G) U) U) C. A. U. C. C. U) U) G) C) U. U) C) U) U) C) C) U) U) C) C) A) G),True
uc002hcs.4,U. G( G( G( U( U( G( C( A( G( G( G( U( A( G( G( U. G( A. C( A( G( G( U. A( G( U( C( A( G( G. A. U. A. U) U) G) A) C) U) C) C) U) G) C. C) U. C) U. C) U) A) C) U. U) C) U) G) U) G) G) C) C) C) C. A. G.,True
uc002huk.4,U. G( G( A( G( C. C. A( G( G( C. U. G( A( G( A. A. G( G( G( G( U. G( C( C( A. U. G. G. A. G. A. A. G. A. A. G) G) C) C) C) U) C) A. C) U) C) U. C. C) C) U) C. C) U) C) C) C. C. C. A. G.,True
uc002hxf.1,C. A( G( G( G( A( G( A. G( A( A( C. G( G( C. C. A. C. A. C. U( C( A( C. U. A. A. U. C. G. U. U) G) A) U. U. C. C) C) U. U) U) C) C. C) U) C) C) C) U) C. A. C. A. G.,True
uc002ihn.2,A. G( G( A( A( G( A( U. G( G( C( G( G( G( G( A. G( U( A( G( U. A. C( U( U( C( C. C( C( G( G. A( G. C. A. U. A. G. A. U) G. U) G) G) U. U. G) A) A) G) C) U) G) C) A. C) C) C) U) G) U) C) C. C. C. U) C) U) U) C) C) A. G.,True
uc002imz.3,U( G( G( G( A. G( G. A( A( A( G( C( A( C( A( A( G( G( U( U( U( U( U. C. C( U. U. C. C. C. C. C. U. U. G) U. U. A) A) A) G) C) C) U) C. U) G) U) G) U) U) U) U) G. C) C) C) U) A) G.,True
uc002ivw.2,U. C. G( A( G( G( G( G( C. A( G( G( G( C( C( A. G( A( G( C. C( U( C. U. U. U. C. C. U. G. A. U. C. U. C. A) G) U. C) U) C) A. C. C. G) G) C) C) U. C) U) U) C) U) C) U) C) C. A. G.,True
uc002jni.10,U. G. U( G( A. C( C( U( G( G( U( G( G( A( A( G( U( G( G( A( A( A( G( A( C. A. G( U( C( A. A. G. U. G) A) C) G. C. U. C. U) C) U) U) U) C) U) C. U. U. G. A. A) C) U) U) C) U. U. C) A) C) U) G) G) G) G. C) A) G.,True
uc002jth.6,C. G( G( G( G. G( G( G( C( G( G( G( G( C( U. C( A( G( A( G( C. U. G. C( U. G( C( U. C. C. U. C. U. C. U. G) C) U. G) A. C. C. C) U) C) U) G) U. G) U) U) C) C) G) C) C) C) A. C) C) C) A. G.,True
uc002juj.1,A. G( C( A( G( G( G( G( C. U. G( C. U( G( G( A. A. G( G( A. G( A. G( A. G( G( U( G( G( C( U. G. G. A. G) C) C) U. G. A) C) C) C) C) C) C) C. G. C) C) A) A. C) C. C. C) C) U) C) U) G) C) A. G.,True
uc002jzz.1,U( G( A( G( G( G( C. C. U. C. U. G. G( G( G( A( G( C( A( C( C. U( G( C. U( G. C. U. G. U. G. A) A. C) A) U. G) U) G) U) U) C) C) U) G. U. C. U. C. C. A. C) C) C) U) G. C) A) G.,True
uc002kde.1,A. U( G( G( G( C. G( G( G( A( A( U. U. C( A( G( A. G( C( C( A. G( U( C. A( G( G. G. C( A( C( G. C. G. A. G) U) G) A. C) U) A) C) C. G) G) C) C) U) G) U. U) U) C) U) C) U. C) C) U) A) G.,True
uc002kdg.1,G( U( G. A( G( C( A( G( G( G( C( U( G( G( G( G( U( A. C. C. U( C( C( C. C. C. A. A. C. C. U. A. G) G) A) C. A) C) C) C) C) A) C. U. U. G) C) C) C) U) G) C) U) G. A) C) C.,True
uc002loy.2,U. G( G( G( C( A( G( G( G( G( U( G. A. C. U. U. G. G( A( G( A( G( A. G( U( G( A. C( U( U( G. C. G. G. G) G) G) A. C) A) C) C. C) U) C) U) C) A. C. C. C. G. G) C) C) C) C) U. C. G. U) G) C) C) C) C. A. G.,True
uc002lpp.2,G. U. G. A. G. U. A. U. G( A( G( G( C( G( G( G( C. U. G( U( C( C. C. U. G( G( C( U( C. U. C( C( C. C( A( G( G( C. U. G. C. C) C) U) G) C. G) G) C. C. G) G) C) C) C. U. G) A) C) C. C. C) C) U) G) U) C) U) U) G. C. A. G.,True
uc002lrj.25,A. G( U( G( C( C. C. G( C( G( G( C. C. G( C( U( C( A( G( G. C. C. U. G. C. A. G. U. C. U. C. C. G. C) U) G) A) G) C) U. C. C) C) G) C) C. A. C. G) C) A) C) G. C. A. G.,True
uc002lrp.2,C. U. G( G( G( C( C. G( G( G. C( U( G( G( G( C( U( G( G( G( G( G( C( G. C( C( G( C. A. A. G. C. U) G) G) G. G) C) U) C) C) C) A) G) C) U) G. A. C) G) G) A. C) C) G) C) U) C) U. C. C. U. U. G. C. A. G.,True
uc002lvg.5,A. U. C( A( G( G( G( A( C( U. U. G. G( G( C( G. U( G( G( G( G. G( G( C( G( G( C. C. A. A. A. G( G( C( A. C. C( C( A. A. G. A. G) G) C. G. G) C) U) C) U) G) C) C) A. C) C) C) G) G) C) C) G. U. G) U) C) C) C) U) G) C. A. G.,True
uc002lvy.2,C. A. G( G( A( G( C. C( A( C( G( G( G( A( C( G( C( C. C. C. A( G( C( A. G. G( G( U( A. U. A. U. G( C( A( A( C. A. G. A. C. A. G. A. U) U) G) U) C. A. C. A) C) C) A. G) C) U) C. G) C) U. G) U) C) C) U) G) U) G) U. C) U) C) C) C. A. G.,True
uc002mcx.7,A. G( G( G( U( G( C( A( U( G( G( U( G( U. C. G( U( U( G( U( G( G( C( C( G. A. G. C. C. A. G) G) C) U) A) C) C. A. A. G. U. G. A. C. C. U. C. U. G) A) C) C. C. C) G) C) U) G) U) G) C) A) C) C) C) A. C. A. G.,True
uc002mfn.13,G( U( G( G( A. G( C( U. G( G( A( C. C. A. G( G( A( G( A. G. G( A( G( U( A. A. C. C. A. A. G. A) C) U) C) A. C) U) C) C) C. U) C) C) U. G) C) C) C) A) C) C. C. C. C. C. A. G.,True
uc002mgo.12,U. A( G( G( G( A( A( U( G( G( G( G( A( A( A. G( G( G( G( A. G( C( G( A. G. C. C( A( G( A. G. A. A. A. A. C) U) G) A. C) G) C) C) C) C) U) C. U) U) C) C) C) U) G) C. U) U) C) C) U) U) C. C. U. C. C. A. G.,True
uc002mki.6,G( U. G( G( G( G( A( G. G( G( C( G( G( U. U( U( C( A( G( C. A( U( G. A. C. U. A. G. A. A) U) U. C) U) G) A) A) C. C) C) U. G) C) A. U. C) G. U) C) C) C) C) C) A. G.,True
uc002muf.2,A. G( G( G( G( A. A( G( G( A( G( G. G( C( U( G( G. C. U. G( A( G( U( C( C. A. A. G. G. C. C. U. G) A) C) U) U) C) G) G) C) G. C) U) C) U) U) C. C) C) C) C) A. G.,True
uc002mvs.2.4,A. A( G( G( G( A( A( G( G( A. G( G( C( U( G. G( G( G( A. C. C. C) C) U) G. G) G) C) C) A. U. U. G. C. A. U( G( G( A. C. U. U. C. C) C) A) C) C) U) U) C) C) C) U) C. C. U. G. A. A. G.,True
uc002mvw.6,U. G. G( G( G( A( G( A( G( G( A. G( G( G( G( A( C. C. A( G( G( G( C. U. G( U. G. A. A. U. U. A. C. C) U. U. C) C) C) U) U) C) C) C) C) A. C. C) C) U) C) U) C) C) U) G. C. A. G.,True
uc002mwj.8,G( U( U. G( G( G( G( U( G( U( C( G( U( G( G( U( C( A( C( G( C. U. G( G. G. A. A. C) U. C) G) U) G) G) C) C) A) C) U. G) G) U) A) C) C) C) C) C. C. A) C) A. G.,True
uc002mxv.2,A. G( G( G( G( G( U( C. G( G( G( C. C( G( G( A( C. G( G( G( G( C( C( U. G. A. C. G) G) U) C) U) C) C. U. C. U) C) C) G) U. C) U) C) C. A) U) C) C) C) C) A. G.,True
uc002mye.2,U. A. U( G( G( G( A. C. C( A( A. G( G( A( G( A( G( G( G( C( G( U( A( C( C( U( A. C. A. A. G) G) G) U) U. G. A) C) G) U. U) C) C) U) C) U) U) C) C. U) G) C. C) C) C) A) G.,True
uc002ndi.2,U. C( U( G( C( A( G( U. G( G( A( U. G. G( G( A( G( A( G( G( A. C( A. C( G( G( C( U( G( G( U( G. G. G. G. A. U. C. G. G. G) C) U. C) A) G) C) U) G) G. G) C) C) U) U) U) C) U) G. U) C) U) C) U) G) C) A) G),True
uc002nhg.3,C. C. A( G( G( G( U. G( G( G( A. U( G( A( G( G( C( U( U. G( G( G( A. A. A. A. A. U. A. G. A. A. G. C. A. G. C) C) C) U. C. U. U. G) G) C) C) U) C) A) C) C) C) U. C) U) C) U) A. G.,True
uc002nkk.2,U( G( G( G( G( G( U. G. A( C( G( G( G( C( A( G( G( C( A( U( G( G( G( G( G( C( U. G( G( A. G( U( G. G. C. U. G. A) C) C) C) U. G) C) C. U. C) C) C) C) G) U) G) U) C) U) G) C) C) U) G) U) G. U) C) U) C) C) A) G.,True
uc002nxk.1,U. G. U( G( G( G( G( C. A( G( C. A. U( U( G( G( G( A( G( U( G( U. G( A( A( C( C( C. C. C. A. U. C. C. A. G) G) U) U) C) U. C) A) C. C) U) C) U) C) A) A) A. C) U) U. C) C) U) C) A) G.,True
uc002nyr.2,A. G( G( G( G( A( C. G( G. G. A. U. G( G( A( G( G( A. A. C( A( G( A( G( A. A. A. G( C( U( A( A. G. G. G. U) A) G) C) C) U) C) U) G) C. C) C) U) C) C) U. A. C) U) C) C) C) C) A. G.,True
uc002oam.6,A. U. G( G( G( A( G( A( A( G( G( G( G( C. A( G( G( G( A( G( C( C( U( G( G. A. G. U. C) A) G) G) C) A. G. A. U. G. C. U. A. G( G( G( U. C( C( C. C. C. U. C. A. G) G) U. C) C) C) U) U) C) C) U) C) C) U) C) U) U) C) U) C) C) C) U. A. G.,True
uc002ojz.2,G. U. G. A. G. C( A( C( C( G. U. G. C. U. G. G) G) U) G) G( C( A( G( G( G( A( G( G( C( C( A( G( G( G( G( C. C. C( A( C( C. U. A( G( U. G. C. C. A. C. C) U) U. U. C. C. G) U) G) A. C) U) C) C) U) G) C. U. G) U) C) U) C) C) C) U) G) C) A. G.,True
uc002ola.6,C( U( G( G( A. A( C( A( U( G( G( C. A( G( A( G( G( G( C( A( U. A. C. U. A( G( G( G. G. U. U. A. A. C) C) U) C. C. U) G) C) C) C) U) U) U) C. U) C) A) U) G) U) C. C. C. C. C) C) A) G),True
uc002olt.1,U. U( G( G( G( G( A( C( U. C. U( G( A( G( G( A( C( C. U. C. U( G( G( G( U. C( U. U. G. G. U. G) U. U) U) C) A) C. U. G) U) C) C) U) C) A) C. U. G) U) C) U. U. C) C) C) A) G.,True
uc002owt.2,U( G( G( U. G( G( G( G( U( G( G( A. G( G( A( G( G( A( G. A. G( A( A. G( C( U( G. G. A. G) G) C) C. U) C) A. A. U) C) C) A. U) C) C) C) C) A) U) C) C) C) C. U) C) A) G.,True
uc002oxj.4,U. G. U( G( G( G( A. C. C. U( G( G( G( G( U( G( C. A. A( G( U( G( C. A. A. G. A. G( C( A. A. C. A. G) C) C) A) C) U) C) A) C) C) C) C) A) A. A. C. C) C) C) A) A. G.,True
uc002ozy.0,A. U. U. U( G( C( U( G( G( G( G( C. U. G( A( G( U( C( G( G( G( G( G( C. G( C( G( C. G( G( G( C. C. C. U. G. A. C) C) U) C. U) G) C) C) C) U) C) U) G) A) C. C) U) C) U. C. C) C) C) U) A) G) C) A) G.,True
uc002pcg.11,U. U. U( G( G( A( A( G( G( G( A( G( G( A( G( G. C( A( G( A( G( A. C. U( C( U. G. C. C. C. C. U. G) A) C. C) U) C) U) G) C) U) C) C) U) U) G. U. U. U. C) C) U) U) C) C) A) G.,True
uc002pem.9,U. G( G( G( C. U( G( U. G( G( C( A( G( C. A( G( G( U. G( G( A( G( G( C( A( G( A. C. A. G. U( C( A( C. C. C. U) G) A) A. C. C. C. C) U) G) U) C) U) C) U) C. C) C) U) U. C) U) G) C) C) C) A) C) C) C) U. C. A. G.,True
uc002pkp.4,C. G( G( C( G( G( U( G( C. U( A( G( G( G( G( G( U( G( A. G( A( G( G( U. A. A. C. A. U. C) U) U) C) C) A) C) C) C) C) U) U) A) C) A) C) C) U. G) C) C) C. U. A. G.,True
uc002qlt.9,A. G( G( G( G( C( C( U. A( G( G( C. U. U. G( A( G( C( A( G( A. G( G( G( A. G. A( C( U. G( G( G( U. C. U. G. G. G. C. C. C) C) C) U. G) U) G. A. C) G. C) C) G. C) U) G) C. C) U) C) C. C) C) U) G) G) C) C) C) C) A. C. A. G.,True
uc002rji.2,U( A( C( C. C. G( G( A( G( G( C( U. G( G( A. U. G( A( U. G( C( U( U( G( G( G. G. G( A( A. A. G( U( G. U. G. A. A) C) A. A. C. U) C) A. G. C) U) A) A) G) C) U) C) C) C) U. G) C) C) U) C) C) U. G) U) A) G.,True
uc002saj.2,U. G. G. G. G( A( A( A( U( G( A( A( G( U( G. A( G( A( A( C. A( A( C( U( G( A( A. A. U( A( G. G. A. G. A. A. U) A) G. A. U) C) A) G) U) U) A. U) U) C) U) G) C) U) U) C) U. A. A) U) U) U) C) A. C. A. G.,True
uc002thw.2,U( G( G( U. A( A( G( A( G( U( A( A. A( U( G( U( G. U. A. A. C( C( A( G( U. U. G( C( A( G. U. U. A. U. U. U. U. G. U) G) C) C. U) U) G) G) A) C) A) U) C. U) G) C) U) C) U) U) C) C) A) G.,True
uc002vit.2,U. U. U. G( G( G( A( C. C. A. G( C( A( G( A( U( G( A( G( G( G( C( U. G. U( G( A( G( A( G( A. G. C. U. C) U) G. A. C) U) U) A) G. U. G) C) C) C) U) A. C) A) U) C) U) G) C) C. U. U) C) C) C) U. C. U. A. G.,True
uc002vzy.2,C. A. G. C. C( A( G( G( G( C( U( G( A( G( G( C. C( A( G( U( G( C( U. G. G. A( A( G( C( C( U( U. G. U. G) G) A. G) C) U) U) G) U) G) C) U) G) A. C) C) U) C) A) G) C) U) C) U) G) U. U. C. C. C. C. C. A. G.,True
uc002xqy.2,G. U( G( G( G( G( U( G( C. U. G( G( G( A( G( C. C. A( G( A( C( A( U. G( G. C. A. A. G. C) U. U) G) U) C) U) U. A. C. C. C) U) C) C) C) U. C. C) A) C) U. U) C) C) A) G.,True
uc002xro.3,C( A( G( G( G( C( G( G( A. G( G( C. A. G. G( G( C( A( G( G( G( C( C( G( G. A. C. C. A. G. A. C. C. U. G. A. U) G) G) U) G. C) C) U) G) U) C) C) C) C) C) G) C) C) C) U) G) C. A. G.,True
uc003afq.9,G( G( G( A. A( G( G( G( G( A( G( A( U. U( G( C( U( A( U. G( A. C( U( G( A( U( G. C. U. C. A) U) C) A) G) C) U. U) G) G) C) A) C. U) U) U) C) C) U) U) U) G. U) C) C) A. G.,True
uc003ahl.2,U. U. G( G( G( G( A( G( C( U. C( A( G( A( C. A. G. G( G( C( A( A( A. U. A( G( G( U( G( G. G. U( C( U( U( U. G. A. U. A) A) G) G) A. A. U) A) C) C) U) U) U) G) C) C) U) C) U) G) G) C) U) C) A. C) C) C) U. C. U. A. G.,True
uc003bbo.2,U. C. U( G( G( G( U. A. A. G( G( G( A( G( C( A( G( G( G( C. C( A( G( C( A( U. U. C. U. A. U. C. U. C. A. C. U) G) C) U) G) U. U. C) U) C) U) G) C) U) C) U) C) C) C) C) G) C. A. G.,True
uc003bdd.4,C. A( G( G( A( C( G( A( G( U. G( U( C( A( A( C( A( A. G. G( A( C( C. U. C. C. A. A. A. G) U) C) A. C. U) G) U) U) G) U. A) C) U. C) U) U) G) C. U) C) C) U) A. C. A. G.,True
uc003bmk.3,U. U( G( U( G( G( G( A( A. C( A. G( A( G( G( G( G. U. G( G( G( U( A. C( A( U( A. U. C. U. G. A. A. G. G) U) G) C. A) U) C) U) G. A. A. C) U) C) U) U) G. G) C. U) C) C) C) A) C) A) G.,True
uc003buw.19,U( G( G( A( G( U( U. U. G( G( G( A( A( A. G( A( U. U( G( G( C. A( G( C( C( C. A. A. G) G) U) U) U. A. A. A. C) C) A) U. U) C) U) U) C) C) U) C. U. U. U. G) C) U) C) C) A) G.,True
uc003cqp.17,U( G( G( G( G( U. G( G( A( G( U. A. G. G( G( C( A( G( G( A( A. A. C. U. G( G( C( U( G. G. A. A. G) G) U) C) C. C. C. C. U) C) A. C) U) G) C) C) A. U. C. C) U) C) C) U. U. C. C) C) C) C) A) G.,True
uc003cum.7,G( G( A( G( A. U. G( G( U. G( A( G( G( G( C( A( G( G( G( A. G( U( G( U. G. C. U. G. A. G. U. C) A) U) G. C) C) U) U) G) C) C) C) U) C) U. C) C) C) U) C) U) A. G.,True
uc003dbw.10,G. U. A. A. G( U( G( U( G( G( A( G( G( G. A( G( A( G( U. U( G( G( G( G. G( A( G( G( A. C. G( G( G( G( G( U( G( G( A( G. C. U. G. A. U) C) U) G) C) U) C) C) C) A. G. G. G. U) C) U) C) A. U) C) C) A) U. C) U) C) U) U) C) U) C) C) A) U) G) C) A. G.,True
uc003dej.63,U( G( U( G( G( G( C( A( G( A( G( C( A( G( A. G( C( C( U( G( C. A. U( U( G( G( C( C( A. U. C. U. C( C( A. U. C. U. G) G) C. C. C. A. G) G) C) C) A) A) C) A) G) G) C) C. U) U) G) C) U) C) U) G) C) U) C) A) C) A) G.,True
uc003gel.2,G. U( G( G( G( G( G( A( C( G( U. U. U. G( C( C( G( G( U( C( A( C. U( G( C( U( G. C. U. G) G) C) G) C. C. C. U) G) A) C) U) G) U. U. G) C) C) G) U) C) C) U) C) C) A) G.,True
uc003lam.6,G( G( G( G( A( C. C( G( G( G( G( C. G. G( G( G( A. C. A. C. A( U( G( G( U( C( C. U. C. U. A. A. C. A. U. G) A) C) C) A) U) A. C. A. C) U) C) A. U. C) U) C) U) G) C. U) C) C) C) C) A. C. A. G.,True
uc003lcf.18,G. U. U. G( G( G( A( A( A( U( G( G( U. A. G( U( G( A( A( G( G( A. A. A. G( C( U. U. G. A. G) U) G. U. A. G. C) C) U) U) C) A) C) C. U. C) U) A) U) U. C. U) U) C) C) C) U. G. G. U. A. G.,True
uc003lud.3,U. C. G( G( G( C( G( C. A. A. G( A( G( C( A( C( U( G( C( A. G( U( U( C( U( G. U. U. G. G) G) U. G) A) C) A. G) C) A) G) U) G) U) U) U) G. U. U. U. U) G) C) C) C) A. C. A. G.,True
uc003mhh.2,A. G( G( G( G( A( G( G( G( G. A. C( A( G( G( G. C( A( U. G( G( G( A( G( U. G( C( G. G. U. G) C) U. C) U) C) A. C) C) U. U. U) G) A. C) U) U) G) A. A. C) U) C) A. U. U) C) C) C) C) A. G.,True
uc003mik.1,U. C. A. G( G( A( G( G( U( A( G( A( G( C. A. G( G( C( A( G( C. U( G( C. C. C. A. G. G. U. C. U. C. A. C) A) C. C) U) G) C) C) C. U. C) U) C) U) G) C. C) C) U) C) U) C. U.,True
uc003mim.8,U( G( G( G( G( A( G( G( A. C( A( G( C( C. A. U. G. A. C. A. G. G( A( A( G( U( G( G( A. A. C. U. C. A. C. C) C) G) C) U) U) C) G) C) U) G) C. C) C) U) U) C) C) C) A) G.,True
uc003mtz.4,U. C. G( C( C( U. G( C( A( C( A( U( A( G( G( C. C. A. G( G( A( G( G( A( C. A( G( U( G. U. G( U( G. U. C. A. U. G. A) C) U. G. A. A. A) C) U) C. U) C) C) U) U) U) G. U. C. U) C) U) G) U) G) U) G) U) G) G) C) A. G.,True
uc003orw.1,U. C. G( G( G( G( A( G( A( U( G( A( G( A( G( A( C. G( U( G( U. U. G( G( C( U( A. A. C. C. A) G) C) U) G. C. A. G. A. U. A. U. U. C. A. C. C. U. C) A) C) A. U) C) U) C) U) U) G) C. U) C) U) C) C) C) C) C. A. G.,True
uc003pvv.2,C( U( G( G( G( A( G( G( A( A( U( G( G( A( A( G( C. G( A. A. C( A( G( G. A. G. A. A. A. G. C. C. A. C. A. C) U) G) A. G. C) C) U) U. U. A. U. C. U) C) C) A) U. U) U) C) U) U) C) C) C) A) G),True
uc003skn.2,C. G( G( G( C. G( G( A. G( U( G( G( G( G( G( C. A( C( A( G( G( C( G. G. A. G( U( G. G. G. G. G( C( A( C( A. G. G. C. G) U) A. G) C) G. G. G. G. A) C) A. G. G. G) U) C) U) G) U) A. C) C) C) U) C) A) C) C. U) C) A. C) C) C) A. G.,True
uc003slx.1,U. G( G( G( G( C( G. G( A. C. A. G( C( G( C( A( U( A( C( C( U( G( C( C( U( A. G. C. C. U. U. A. C. A) G) U. G) U) G) G) G) U) A) U) G) U) G) C) C. A. A. C) G. G) C) C) C) U) C. U. C. U. C. A. C. U. C. A. G.,True
uc003tyk.11,U. A. U. G( G( A. A( G( A( U. C( G( G( G( G( C( A. G( U( G. G( G( A( G( C( U( C. U. C. U. A. G. C. G) G) C) U) G. C) U) G. A) C) G. G) C) U) C) U) G) U) C) U) C. C) C) U. A. G.,True
uc003upz.5,C. C. A. G( G( G( G( A. G( G( A( G( G( U. G( A( G( U( G. C. A. G( A( G( G. A. G( U( G( G( G. A. C. A. C) C) G) U) G. A. C) U) C) A. C. A. G) C) U) C) U) C) U) C) C) C) C) U) C) A. G.,True
uc003vnz.3,U. U( G( G( G( C( U. G( C. G( A( G( G( G( A( C. U. U( U( G( G( G. G. G. G. C. A. C. U. U( C( C( U. G. G. C. A. U. G) G) A) C. A. C) C) A) G) C. U) C) C) C) U) C) U. C) U. G) C) C) C) A) G.,True
uc003xat.2,C. C. A. G( G( G( G( G( A( C( A( G. G( G( A( G. A( G( G( A( U. G( U. G( U( G. A. U. C. U. U. G. A. G) C) C) U) C) A. C) U) G. U) C) C) A. U) G) U) C) C) C) C) C) C. G. A. C. A. C. A. G.,True
uc003yzv.2,G. U. A. A. G( U( G( C( G( G( A( C. U. U( U( G( G( G( G( G( G( A. C( G( G( G( G( U. C( C( U( G. G. A. G. A) G) G) U. C) C) C) C) G) C) C) C) G. C) U) C) A) G) C. U) C) U) G) C) G) C) C. C. U.,True
uc003zab.4,G. U. G( G( G( C( U( U. G. G( G( U( C( G( G. U( G( G( G( G( A. C( G( G. G( G. C( G. G. C. U. G. G) G. C) G. U) G) C) C) C) U) G) C) G) G) C) C) A. C. G) G) C) U) C) U. G. A.,True
uc004aub.2,A. U( G( C( A( G( G( G( G. U. A. A. G. U. C. A. G( G( A( C( C( A. C( G( G( G( A. G. G. U. G( U( C( U. G. G. U. G. C. U. G) A) C) C) C) U) G) G) G) U) C) C) G. G. U. U. G. U) C) C) U) G) C) A) G.,True
uc004bft.2,A. G( G( G( A( A( A( A( A. A( A( A( A( A( G( G( A( U( U( U( G. U( C( U( U( G. U. A( G( C. C( A( G( G. A. U. A. U) U) G) U. U) U) U. A. A) A) G) A) A) A) A) U) C) C) U) U) U) U) U) G. U) U) U) U) U) C) C) A. G.,True
uc004bvw.9,G. U( G( U. G( G( A( G( G( G( A( A( U. G( G( G( G( G( C( U( A. U. G( U( G. U( G. A. G( G( G( A( G. C( A. G. G. G. C. U. G. G. G) G. U) C) C) C) G. G) G. A) C) U. A. A) G) C) U. C) C) C) C) C. U) U) U) U) C) U) C) C) C) A) G.,True
uc004dgu.1,A. A. C( A( C( A( G( G( G( A( A( G( G( G( G( G( A( A( C( U( G( C. A. G. G. G. U. U. A. C) A) G) C. U) U) C) C) U. U. U. U. C) C) C) U) U) C) U) C) U) G) U) G) C. A. G.,True
uc004dmz.1,C. A. C. G( C( A( G( G( G( C. C. G( C. C( A( A( G( G( C( A. A. U( G. G( G( C( G( G( G. G. U. A. C) C) A. C. A. G) C) C) G. A) G) C) C) U) U) G) U. C) U. C) C) C) U) G) C) A. G.,True
uc004dyy.42,A. C. G( G( A( U. U( G( G( G( A( A( A. G( G( A( G( G( U( U( G( A( A( G( A. A. G( G( A( G. A. A. A. A. G. U) U) C) G. A. C) U) U) C) A) G) U. C) U) U) C) C) A. C. U) U) C) C) U) A) U. U. U) C) C) A. C. C. C. A. G.,True
uc004flm.2,G. U. G. C. G( G( C( U( C( U. G( U. G( G( G( U( G( C. C( C. G( G( G( C( C( G( U. A. U. G( U( G. G. C. C. U. G. G) C) C) G) G) C) C) C) U. G) A. C) G) C) U) C) U. C) U. G) A) G) C) C) C. U. A. G.,True
uc004fph.2,U. G( G( G( A( U( G( U( U. U. C. U. G( G( G( U( G( G. U. U. G( G( C( C( C. U. G. G. G. U. C. U. G) G) U) C) U. G. A. A. C) A) C) C) C) U. C. U. G) C) G) U) C) C) C) C. C. A. G.,True
uc009vxn.2,A. U. G( G( A( G( G( G( A( A. U. C. G( G( C( A( G( C( U( G. A( G( G( C( C. U. G. A. C. C. C. C. U. G) C) C) U) G) G) C) U) G) C) C) C. U) C) C) C) U) C) U) C. A. G.,True
uc009vxw.2,U( G. G( G( G( U( G( G( U. G( A( C. A( G( U( A( G( A( A. G( G( C( U( G( A. A. A. C. C. A. A. C. A. U) A) G) C) U) G. A. A. A. C. C. U) C) U) G) C) U) U) C) U. C) U. C) A) C) C) U) G. G) C. A. G.,True
uc009whm.3,U. C( U( G( G( A( G( G( U. G( G( A( A. G( G( A( A( A( G( G. A. U( U( G( G. G. A. G. C. C. A. G. C) A) A) U. A. C) U) U) U) C) C) C. U) C) C) U. U) U) U) C) C) A) G),True
uc009ybz.1,C. U( G( G( G( U( G( C( G( G( G( C( C( C( U. C. A( G( G( C( C( G. U( G( G. G. A. G( G. C. A. G. U. G. A. C) G. G. C) A) G. G) G) C) C) U) U. G) G) G) U) C) U) G) U) G) C) C) C) A) C. A. G.,True
uc009yqd.11,U. G( A( G( G( G( U. G( G( G( C. U. G( A( G( U( G( G( G( C( A. G. C. U. G. C. A. G) C) C) C) U. G) C) U) C) C. C. U) C) C) U. C) C) C) U) C) C. C. A. C. C. A. G.,True
uc009zbe.10,U( G( G( A( G( G( G( G( A( A. A. C( U( U( G( G( A( U. U( G( G( G( G( A( G( A( G( G( G( C( U. C. U. G) C) C) C) U) C) C. C. U. U) C) C) U) C) A) U. U) C) C) A) G) G) G. C. U) C) U) C) C) U) C) U) A) C. C. C. U. U. A. G.,True
uc009zno.1,U. U( G( G( G( G( G( A. A. U. G( C( U( G( G( A. C. A. U( G( A( G( U( U( G( C. G( C( U. A. G. G. G) U) U. C. C. C) G) G) C) U) C) A) C. C. C) C) A) G) C) C. U. G. C) C) U) C) C) A) C. A. G.,True
uc009zpl.1,C( U( A( G( G( G( U. G( G( A( G. U. G( U( G( G( G( U. U. G( A( G( U( C( C( A( G. A. A. C( C. C( G( A. C. A. U. U) G) A. G) A. G. A. U) G) G) A) C) U) C) U. C. C) C) U) A) C) U. A. U) C) U) U. C) C) C) U) A) G),True
uc010bit.1,C. A. G( G( G( G( A( A( U. U. G( G( A( G( C. U. G( G( A( U( U. C( U. A( G( U( G( U( G( G. G. A. G. C) A) C) G) C) U) U. G) U. C. A) U) C) U) U. C. C) U) U) C) U. U. U) U) C) C) C) C) C. A. G.,True
uc010bto.1,C. C. A. G( G( G( C( C. A( C( A( U( A( G( U. C( A( C( A( U( A. G( U( C. A( C( A. U. A. G) U) C. A) C) A) U) G) U) G) U. C) U) G) U) G) U) C. U. G) C) C) C) A. G.,True
uc010bvf.1,A( G( G( G( C. A( G( A( G( G( G( A( A. U. C. C. C( A( C( A( C( G( G. G( C. U( G( G. U. G. G. A. U. C) A) U) G. U) G) U) G) U) G) C. A. U) U) U) C) U) C) U) C) C) C) U) U. C. U. A. G.,True
uc010cel.1,U. A. G( G( C( U. G( G( A( U. G( G( G( G( C( U. G( G( G( C. U( G( G( G( C( A. A. G( G( C( U( G. A. G. C. A. A. A) G) C) C) A. G) C) C) C) A) U. U. A. A. C. C) C) C) U. G) U) C) C) U) C. U) C) C) U. G) C) C) C. U. U. A. G.,True
uc010cgn.2,U. C( U( G( G( G( G( C. C. G( C( U( G( G( G( G( A( C( A( G( G( C. C( A( G( G. G. C. A. U. G. G. A. C) U) G) A. C) C) U) G) C. U) U) C) C) U) G) U. G) C) U. C. C) U) C) C) A) G),True
uc010cwp.5,U. G( A( G( A( G( G( C. U. G( A( A. A. G( G( G( G( U( C( U. G( C( G. G. C. C. C. C. A. G) C) U. G) A) C) C) C) C) C. G. U) C) U. U. U) C) U) C) U) C) U. A. G.,True
uc010dgk.2,U. A. G( G( U( G( G( G( G( C. A. U. G( U. C( A( G( G( A( G( G( A. G. C. U( G( G( C( G. G. G. U. G) C) C) A) C. A. G. C) C) U) C. C) C) U) G) C. C) U. A. U. C) C) C) U) G) C) C) C. A. G.,True
uc010dtt.14,A. C. G( G( G( G( G( C. U. G( A. G( A( G( C( A( G( A( A. C. C( C( C. G. A. G. C. U. G) G) A. C. U) C) U) G) C) U) C) C. C) U. C. C) C) C) C) C) A. G.,True
uc010eei.2,G. U( G( G( G( G( G( G( A( G. U. G( C( A( G( U. G( G. C( A( G( G( A( G( G( G( A( G. A. G( U( G( U( C. C. A. U. A. A. A. A) C) A) C) C. A. U) C) C) U. G. A. C) U) C) A. G. C. U. C) U) G) G. C) U. C) U) G) C) U. G. U) C) U) C) C) C) C) A) G.,True
uc010eei.27,U( G( G( G( G( G( U. U. G( G( G( G( G( U( G( G. A. G( C( C( G( C( G( G( A. G. G. U. G. G. G. A. G. C) U) G) C) U. G) G) U) A. A. C) A) C) C) A. A. C) C) C) U. C. C) C) C) C) C) A) C. A. G.,True
uc010erg.2,A. A. G( G( G( A( G( A( U. G( G( G( U. G( U( G( G( G( G. A( A( G( G( G( C. C( C( A( G( A. G. U. C. U. G. A. C. C) U) G) G) C. C) C) C) U) U) G. C) C) C) A) C) C. C) C) C) U. U) C) U) G. C) C) C) A. G.,True
uc010fgg.2,A. U. G( G( G( A( A( G( U. U. G( A. U( U( A. A. G( G( G( A. A( A( U( G( A. A. C. C( A( G( C. A. U. U. C) U) G) C. C. C) A) U) U) G. C) C) U) G. C. A) A) C) U. U. C) U) U) C) C) C) C. A. G.,True
uc010gzc.1,U. C. C( A( G( G( G( G( C( A( G( U. C. U. G( C( C( A( C. C. C( A( U( C( C. U. U. C. C. U. G) A) C. U) G) C. C. U) G) G) C) C. C) U) G) U. C) C) C) C) U) G) C. A. G.,True
uc010ncj.16,C. A. G( G( G( A( C( A( G( G( U. C. C. A( G( C( U( G( G( C( U( C( G( G( C( C( C( U. C. C. C. A. A. G. C. C. C. G) C. G) G) C) C) C. C. A. G) C. A) G) C) C) G) G) C) U) C) C) U) G) U) C) C) U) C. A. G.,True
uc010ogn.1,U. C( U( G( G( G( A. G( A( A. C( A( A. G( G( G( G( U( C. C( C( U. G( A( A( G( A( C. C. A. G. C. A. A. C. C. A. U) C) U) C. A. C. U) C) U. G) G) C. A) C) C) C) C) U) G) C. U) C) C. C) C) C) A) G),True
uc010pke.1,U( A( G( G( G( A( G( A( A( G( G( G( A( G( U. A. A. A. C( A. G( G( A( A( U. G. A. C. C. A. C. A. A. C. C. C. U. U) U) C) C) C. G) A. U. C) U) C) C) U) U) U) U) U) U) C) C) U) A) G.,True
uc010rhl.1,C. C( A( G( G( G( G( U. G( U( G( U( G( G( C( C. C( A( G( U. G( G( G. G. U. C. C) C) C) U) G) A. G) C) C) A) C) U. G) C) U. C) C) C) C) U) G) C. A. G.,True
uc010sly.8,C. U( G( G( A( G( U. G( A( G( C( A( G( U( G( G( G. C( A( G( A. G( C( U( C( C. U. G. G. U. G) A) G) C) A. C) U) G) C) U) G) C) U) G) C. C) U) C) C. C) U) C) C) A) U. A. G.,True
uc010tlk.1,A. C. U. G( G( G( U. G( G( G( C( A( G( U. A. U. A. U( U( C( A( G( A( U( A. U. U. G. G. A) U) C) U) G) A) G) C. C. C) U) G) U) U) C) U. C) C) C) U. A. G.,True
uc010tll.1,A. G( G( C( G( A. U. G( U( G( G( G( G( A( U. G( U( A. G( A( G( A( C( A. A. C. U. U. C. C. C. A. G) U) C) U) C) A) U) U. U) C) C) U) C) A) U) C. C. U) G) C) C) A. G.,True
uc010utu.5,A( G( A( G( G( A. A( C( A( U( G( G( G( C. U( C( A( G( G( A. C. A( G( C( G. G. G. U. G. U. C. A. G) C) U) U. G. C) C) U) G) A) C. C. C) C) C) A) U) G) U) C. G. C) C) U) C) U) G. U. A. G.,True
uc010uzr.1,A( G( G( G( C. A( G( A( G( G( G( A( A. U. C. C. C( A( C( A( C( G( G. G( C. U( G( G. U. G. G. A. U. C) A) U) G. U) G) U) G) U) G) C. A. U) U) U) C) U) C) U) C) C) C) U) U. C. U. A. G.,True
uc010vad.1,U. G. A. G( A( A( G( G( C( A( C( A( G( C( U( U. G( C( A. C( G( U. G( A. C( C( U. C. C. U. G) G) G. C) C. U) G) G) C) G) G) C) U) G) U) G) U) C) U) U) C) A. C. A. G.,True
uc010vag.1,A( G( G( G( C. A( G( A( G( G( G( A( A. U. C. C. C( A( C( A( C( G( G. G( C. U( G( G. U. G. G. A. U. C) A) U) G. U) G) U) G) U) G) C. A. U) U) U) C) U) C) U) C) C) C) U) U. C. U. A. G.,True
uc010vai.1,A( G( G( G( C. A( G( A( G( G( G( A( A. U. C( C. C( A( C( A( C( G( U( G( C. U( G. G. U. G. G. A) U. C) A) U) G) U) G) U) G) U. G) C. A. U) U) U) C) U) C) U) C) C) C) U) U. C. U. A. G.,True
uc010vpb.44,U( G( U( G( G( A. G( A. C( A( G( C. G( G( G( A( C( A( C( A( U( G( G( C. A( C( U( G. G. C. C. A. G) G) U) A. C) C) A) C. C. C. U) G) U) G) U) G. C) C) C) C) U) G) C) C. C) C) G) C) A) G.,True
uc010vsk.1,G. U( G( A( G( U( G( A. G( C( U( G( C( C. G( C( C( C( U( C. C. C. A. G( C( C( A( C( A. U. G. C. C. C. C. G. A. G. G) U) G) G) C) C. C. C. G) G) G) G) U) G) C) A) G) C) C. U) G) C) U) C) A) G. C.,True
uc010vtp.1,G( U( A( A( G( G( G( A. A. G( G( G( A( U. A. A. U. C( A( G( A. G( C( U( G( G( G. U( G. G( G( G( C( C( A( G( G( G. U( G( G( U( U. U. C. C. C. C. U. G) C) C) A) G. C) C) U) G) G) C) C) U) G. A) C) C) A) G) C) C) U) G) U) C) C) C) C. C. A. C) C) C) U) C. U) G) C) A. G.,True
uc010wsc.11,A. U. C. G( G( G( U( G( A. G( G. G( G( U( G( U( C( A( A. A. G( U( G( C. U. U. A( G( C( G. U. G. U. G) C) U) C) A) U) G. U) G) A) C) A) C) U) G. U) G. C) A) C) C) C) A. G.,True
uc010wsc.7,G( U. A( G( G( A( U. G( A( U( G( G( G( G( U. C( A( C. G( G( A( C( C( A( G( G. U( C( A( G( G( G( C( U. C. A. C. U. C. C. C. C. A. C. U. G) C) C) A. G. U. U. C. C. C. C. A. A. A. U. G. C) U) G) A) G. U) U) G) G) C. U) C) C) U) G) C) C) C) U) G) U) C) U) C) C) U) C. C) A. G.,True
uc010xjm.1,C. C. A. G( A( G( G( C. C. G( C( A( C( A( G( C( A( G( G( A. A( C( C. U( C( A. C. A. U. U. G. G) A) U. G) U) A. U) C) U) G) C) U) G) U. U) G) U) C. C. C) C) U) C) A. G.,True
uc010xqt.1,A. C. A. G( G( G( G( U( G( G( G( C( A( C. U( G( G( G( U. C( C( A( G( C. U( G( U( C( A. A. G. G) G) C) G) C. U. C) U) G) G) U. C) A. C) U) A) C. U) G) U) C. U. C) C) A) C) C) C) C) A. C. A. G.,True
uc010yel.9,U. G( G( U( G( A. G( G( G( A( G( A( C. C( A( G( C( U. G( G( C( C( C( A. C. U. G) G) G) U. C) C) U. G) A. C. C. C. U. C) U) G) C. U) C) U) C) U) C) C. C) A) C) C) C. G. C. A. G.,True
uc010zfg.1,U. A. U( G( U( C( C( U. U. U( G( U( A( A( A( C( A( A. A. U. A. G( C( A( A( G( A( G. A( U( U. A. A. U. G. G. A. U. G) U) G. U) U) U) U) G) C) U) G) U) U) U) G) C) A) U. U. G) G) A) C) A) G.,True
uc010zyo.2,U. A. A. U( G( G( A( A( A. G( G( U( A. C. U. C( A( C( A( G( A( A( A( A( G( U. U. U. U. C. U. U) U) U) U) U) C. C) U) G) U) G) U. U. U. C. A) C) C) U) U) C) C) A) G.,True
uc011ala.1,U. U( A( G( G( G( A( G. G( C( G. A( G( A( U( U. G( A( G( C( C. U. U( U( U( G( U( G( A. G. G. U. U) A) C) A) A) A) U. U. A. A. A. G) C) U) C) U. G) U) C) U) G) U) G. U) C) U) C) U) A) G.,True
uc011cbz.1,U( G( A. G( G( A( G( A( C( U. C( A( G( C. U. G( A. G( A( C( U( U( U( G( G( C( U. A. A. U. G) U) U) G. G. G) G) G) G) U) C) C. C) U. C. C) U) G) U. G) U) C) U) C) C) C. C) A) G.,True
uc011dvp.1,U. U. G( U( G( G( A( G( U. G( G( G( G( C. A( G( G( A( U( G( G( U. G( C( G. U. C. A. U. U. U. G. G) C) C) C) A) U) C) U) U) U. C) C) U) C) C) U) C) C) A) U) U. G. C. A. G.,True
uc011ktd.1,U( G( G( G( G( G( G( A. U( A( G( A( G( G( C( A( U. G( G( A. A. U. A. G. G. U. G. C) U) C. U) G) A. C) C) U) C) U) G) A. C) C) C) U) C) U) A) G.,True
uc011lio.6,G. A. U( G( A( A( G( G( G( A( A( U( C( A( C. U( C( A( U( G( A( U. A. A. U. A. A. C. A. U. U. U) C) A) U) G) A) A. U) G) A) C. U. U) U) U) C) C) U) U) C) A) G.,True
uc011lxl.59,A. A( A( G( A. U( G( G( A( A( G( G( G( A( A( A( A. U( G( C( U. C( A( U( G( A( U( G. U( A( U( G( A( U( A. A. G. A. A) U) C) A) C. G. A. U) G) G. A) U) G. U. A. C) G) U) G) U. G) C) A) C. U) U) U) U) C) C) U) U) C) U) G) C. C) U) U) C. A. G.,True
uc011mbg.9,U. C. G( G( A. G( G( C( A( U( U. G( G( G( G( C( U( G( A. C. C. U( C( A( U. C. U. C. C. C. U) G) A) C. C) A) U. G) U) C) U. C) C) U. A) U) G) C) C) C. C) C) A. A. G.,True
uc011mep.1,C. C. U( G( G( G( U( C. A. G. G. G. U. C. C. A. U. C. A. G( G( A( G( G. A( G( G( G( U( G. C. U. G( G( C( A( G( G( G( C. U. G. G. C) C) U) U) G) C) C) C. U. G. A. G) C) U) C) U) G. C) U) C) C) G) C) C) C) A) C. A. G.,True
uc011mzn.13,G. U. G. A. G( U( G( G( G( G( A. C. U. U( G( G( G( A. A. G. G( A( G( C. U( C( G( G( G( A( G( C( C( A( A. G. G. A. G( G( C( C( A( G. A. C. U) G) U. G) C) C) A. A. U) G) A. G) C) U) G. C) C) C) U. G) A) C. C) U) C) A. G. C. C) C) C) A) C. U. G. C) C) C) C) A) C) A. G.,True
